week_start,sku,category,units,avg_unit_price,on_promo,stockout_days
2023-01-02,ACC-400,Accessories,639,31.06,Y,0
2023-01-02,ACC-410,Accessories,243,35.21,Y,0
2023-01-02,BED-100,Bedding,380,154.35,Y,0
2023-01-02,BED-110,Bedding,614,75.01,Y,0
2023-01-02,BED-120,Bedding,250,97.34,Y,0
2023-01-02,BTH-300,Bath,589,61.5,Y,0
2023-01-02,BTH-310,Bath,422,36.8,Y,0
2023-01-02,BTH-320,Bath,215,74.54,Y,0
2023-01-02,KIT-200,Kitchen,336,124.74,Y,0
2023-01-02,KIT-210,Kitchen,362,64.33,Y,0
2023-01-02,KIT-220,Kitchen,501,47.4,Y,0
2023-01-09,ACC-400,Accessories,659,31.94,Y,0
2023-01-09,ACC-410,Accessories,245,35.9,Y,0
2023-01-09,BED-100,Bedding,354,158.25,Y,0
2023-01-09,BED-110,Bedding,592,72.62,Y,0
2023-01-09,BED-120,Bedding,213,105.6,Y,0
2023-01-09,BTH-300,Bath,631,63.67,Y,0
2023-01-09,BTH-310,Bath,439,37.98,Y,0
2023-01-09,BTH-320,Bath,193,74.03,Y,0
2023-01-09,KIT-200,Kitchen,316,120.13,Y,0
2023-01-09,KIT-210,Kitchen,367,68.22,Y,0
2023-01-09,KIT-220,Kitchen,442,48.19,Y,0
2023-01-16,ACC-400,Accessories,687,33.99,Y,0
2023-01-16,ACC-410,Accessories,272,35.36,Y,0
2023-01-16,BED-100,Bedding,363,151.73,Y,0
2023-01-16,BED-110,Bedding,551,73.3,Y,0
2023-01-16,BED-120,Bedding,259,98.25,Y,0
2023-01-16,BTH-300,Bath,516,59.83,Y,0
2023-01-16,BTH-310,Bath,464,38.67,Y,0
2023-01-16,BTH-320,Bath,188,71.24,Y,0
2023-01-16,KIT-200,Kitchen,278,118.3,Y,0
2023-01-16,KIT-210,Kitchen,388,70.95,Y,0
2023-01-16,KIT-220,Kitchen,397,44.78,Y,0
2023-01-23,ACC-400,Accessories,487,39.71,N,0
2023-01-23,ACC-410,Accessories,200,44.53,N,0
2023-01-23,BED-100,Bedding,269,177.8,N,0
2023-01-23,BED-110,Bedding,420,98.49,N,0
2023-01-23,BED-120,Bedding,181,128.86,N,0
2023-01-23,BTH-300,Bath,404,77.81,N,0
2023-01-23,BTH-310,Bath,305,46.54,N,0
2023-01-23,BTH-320,Bath,142,84.21,N,0
2023-01-23,KIT-200,Kitchen,187,148.51,N,0
2023-01-23,KIT-210,Kitchen,278,86.8,N,0
2023-01-23,KIT-220,Kitchen,345,58.9,N,0
2023-01-30,ACC-400,Accessories,482,40.0,N,0
2023-01-30,ACC-410,Accessories,168,44.46,N,0
2023-01-30,BED-100,Bedding,267,186.57,N,0
2023-01-30,BED-110,Bedding,406,93.67,N,0
2023-01-30,BED-120,Bedding,156,125.12,N,0
2023-01-30,BTH-300,Bath,412,75.03,N,0
2023-01-30,BTH-310,Bath,306,46.33,N,0
2023-01-30,BTH-320,Bath,138,84.84,N,0
2023-01-30,KIT-200,Kitchen,206,148.33,N,0
2023-01-30,KIT-210,Kitchen,261,85.32,N,0
2023-01-30,KIT-220,Kitchen,345,56.24,N,0
2023-02-06,ACC-400,Accessories,484,39.96,N,0
2023-02-06,ACC-410,Accessories,183,43.06,N,0
2023-02-06,BED-100,Bedding,281,186.02,N,0
2023-02-06,BED-110,Bedding,363,96.14,N,0
2023-02-06,BED-120,Bedding,176,127.71,N,0
2023-02-06,BTH-300,Bath,465,77.27,N,0
2023-02-06,BTH-310,Bath,343,47.89,N,0
2023-02-06,BTH-320,Bath,158,86.0,N,0
2023-02-06,KIT-200,Kitchen,198,147.25,N,0
2023-02-06,KIT-210,Kitchen,246,87.64,N,0
2023-02-06,KIT-220,Kitchen,327,58.16,N,0
2023-02-13,ACC-400,Accessories,633,41.43,N,0
2023-02-13,ACC-410,Accessories,226,42.69,N,0
2023-02-13,BED-100,Bedding,297,183.42,N,0
2023-02-13,BED-110,Bedding,489,95.92,N,0
2023-02-13,BED-120,Bedding,194,125.07,N,0
2023-02-13,BTH-300,Bath,489,75.18,N,0
2023-02-13,BTH-310,Bath,395,47.08,N,0
2023-02-13,BTH-320,Bath,177,84.87,N,0
2023-02-13,KIT-200,Kitchen,235,141.37,N,0
2023-02-13,KIT-210,Kitchen,302,86.87,N,0
2023-02-13,KIT-220,Kitchen,349,57.43,N,0
2023-02-20,ACC-400,Accessories,619,41.25,N,0
2023-02-20,ACC-410,Accessories,216,44.39,N,0
2023-02-20,BED-100,Bedding,315,178.14,N,0
2023-02-20,BED-110,Bedding,498,93.67,N,0
2023-02-20,BED-120,Bedding,191,123.65,N,0
2023-02-20,BTH-300,Bath,529,75.38,N,0
2023-02-20,BTH-310,Bath,403,48.93,N,0
2023-02-20,BTH-320,Bath,164,86.85,N,0
2023-02-20,KIT-200,Kitchen,244,142.03,N,0
2023-02-20,KIT-210,Kitchen,353,84.29,N,0
2023-02-20,KIT-220,Kitchen,402,56.59,N,0
2023-02-27,ACC-400,Accessories,623,40.27,N,0
2023-02-27,ACC-410,Accessories,233,44.03,N,0
2023-02-27,BED-100,Bedding,316,186.43,N,0
2023-02-27,BED-110,Bedding,480,97.33,N,0
2023-02-27,BED-120,Bedding,202,123.55,N,0
2023-02-27,BTH-300,Bath,464,75.88,N,0
2023-02-27,BTH-310,Bath,350,48.61,N,0
2023-02-27,BTH-320,Bath,164,84.93,N,0
2023-02-27,KIT-200,Kitchen,240,146.71,N,0
2023-02-27,KIT-210,Kitchen,294,87.56,N,0
2023-02-27,KIT-220,Kitchen,396,57.85,N,0
2023-03-06,ACC-400,Accessories,825,32.44,Y,0
2023-03-06,ACC-410,Accessories,314,32.46,Y,0
2023-03-06,BED-100,Bedding,444,139.27,Y,0
2023-03-06,BED-110,Bedding,697,75.51,Y,0
2023-03-06,BED-120,Bedding,277,100.84,Y,0
2023-03-06,BTH-300,Bath,834,66.35,Y,0
2023-03-06,BTH-310,Bath,546,36.2,Y,0
2023-03-06,BTH-320,Bath,244,64.59,Y,0
2023-03-06,KIT-200,Kitchen,356,125.08,Y,0
2023-03-06,KIT-210,Kitchen,503,69.33,Y,0
2023-03-06,KIT-220,Kitchen,603,44.03,Y,0
2023-03-13,ACC-400,Accessories,820,32.9,Y,0
2023-03-13,ACC-410,Accessories,300,33.53,Y,0
2023-03-13,BED-100,Bedding,507,154.09,Y,0
2023-03-13,BED-110,Bedding,769,75.15,Y,0
2023-03-13,BED-120,Bedding,293,107.56,Y,0
2023-03-13,BTH-300,Bath,716,63.05,Y,0
2023-03-13,BTH-310,Bath,501,37.02,Y,0
2023-03-13,BTH-320,Bath,255,65.43,Y,0
2023-03-13,KIT-200,Kitchen,307,113.75,Y,0
2023-03-13,KIT-210,Kitchen,417,69.63,Y,0
2023-03-13,KIT-220,Kitchen,598,48.39,Y,0
2023-03-20,ACC-400,Accessories,744,32.61,Y,0
2023-03-20,ACC-410,Accessories,308,35.24,Y,0
2023-03-20,BED-100,Bedding,384,153.64,Y,0
2023-03-20,BED-110,Bedding,741,78.19,Y,0
2023-03-20,BED-120,Bedding,284,101.71,Y,0
2023-03-20,BTH-300,Bath,694,62.92,Y,0
2023-03-20,BTH-310,Bath,590,39.59,Y,0
2023-03-20,BTH-320,Bath,220,71.24,Y,0
2023-03-20,KIT-200,Kitchen,404,115.33,Y,0
2023-03-20,KIT-210,Kitchen,424,68.87,Y,0
2023-03-20,KIT-220,Kitchen,509,43.98,Y,0
2023-03-27,ACC-400,Accessories,625,41.71,N,0
2023-03-27,ACC-410,Accessories,252,43.79,N,0
2023-03-27,BED-100,Bedding,336,185.46,N,0
2023-03-27,BED-110,Bedding,469,98.07,N,0
2023-03-27,BED-120,Bedding,192,127.35,N,0
2023-03-27,BTH-300,Bath,536,77.43,N,0
2023-03-27,BTH-310,Bath,381,46.92,N,0
2023-03-27,BTH-320,Bath,174,87.72,N,0
2023-03-27,KIT-200,Kitchen,228,142.55,N,0
2023-03-27,KIT-210,Kitchen,329,88.81,N,0
2023-03-27,KIT-220,Kitchen,362,57.92,N,0
2023-04-03,ACC-400,Accessories,630,40.05,N,0
2023-04-03,ACC-410,Accessories,257,44.54,N,0
2023-04-03,BED-100,Bedding,346,183.27,N,0
2023-04-03,BED-110,Bedding,477,96.92,N,0
2023-04-03,BED-120,Bedding,226,121.35,N,0
2023-04-03,BTH-300,Bath,582,75.56,N,0
2023-04-03,BTH-310,Bath,373,46.64,N,0
2023-04-03,BTH-320,Bath,207,84.62,N,0
2023-04-03,KIT-200,Kitchen,307,146.63,N,0
2023-04-03,KIT-210,Kitchen,362,87.26,N,0
2023-04-03,KIT-220,Kitchen,403,58.31,N,0
2023-04-10,ACC-400,Accessories,749,40.89,N,0
2023-04-10,ACC-410,Accessories,290,43.85,N,0
2023-04-10,BED-100,Bedding,366,180.89,N,0
2023-04-10,BED-110,Bedding,484,93.79,N,0
2023-04-10,BED-120,Bedding,222,128.61,N,0
2023-04-10,BTH-300,Bath,591,75.22,N,0
2023-04-10,BTH-310,Bath,375,48.55,N,0
2023-04-10,BTH-320,Bath,199,86.1,N,0
2023-04-10,KIT-200,Kitchen,288,147.26,N,0
2023-04-10,KIT-210,Kitchen,396,86.46,N,0
2023-04-10,KIT-220,Kitchen,421,57.81,N,0
2023-04-17,ACC-400,Accessories,716,40.94,N,0
2023-04-17,ACC-410,Accessories,286,43.18,N,0
2023-04-17,BED-100,Bedding,358,182.74,N,0
2023-04-17,BED-110,Bedding,517,96.98,N,0
2023-04-17,BED-120,Bedding,211,122.75,N,0
2023-04-17,BTH-300,Bath,564,77.52,N,0
2023-04-17,BTH-310,Bath,388,48.64,N,0
2023-04-17,BTH-320,Bath,190,87.96,N,0
2023-04-17,KIT-200,Kitchen,290,146.86,N,0
2023-04-17,KIT-210,Kitchen,361,86.67,N,0
2023-04-17,KIT-220,Kitchen,430,57.81,N,0
2023-04-24,ACC-400,Accessories,732,41.05,N,0
2023-04-24,ACC-410,Accessories,281,43.09,N,0
2023-04-24,BED-100,Bedding,321,186.37,N,0
2023-04-24,BED-110,Bedding,549,95.62,N,0
2023-04-24,BED-120,Bedding,215,126.74,N,0
2023-04-24,BTH-300,Bath,516,74.65,N,0
2023-04-24,BTH-310,Bath,372,47.26,N,0
2023-04-24,BTH-320,Bath,194,87.65,N,0
2023-04-24,KIT-200,Kitchen,281,147.44,N,0
2023-04-24,KIT-210,Kitchen,401,85.54,N,0
2023-04-24,KIT-220,Kitchen,444,58.67,N,0
2023-05-01,ACC-400,Accessories,1040,33.12,Y,0
2023-05-01,ACC-410,Accessories,401,36.07,Y,0
2023-05-01,BED-100,Bedding,461,144.8,Y,0
2023-05-01,BED-110,Bedding,833,77.24,Y,0
2023-05-01,BED-120,Bedding,333,107.76,Y,0
2023-05-01,BTH-300,Bath,769,60.69,Y,0
2023-05-01,BTH-310,Bath,588,39.16,Y,0
2023-05-01,BTH-320,Bath,226,71.41,Y,0
2023-05-01,KIT-200,Kitchen,335,124.39,Y,0
2023-05-01,KIT-210,Kitchen,597,70.22,Y,0
2023-05-01,KIT-220,Kitchen,698,47.96,Y,0
2023-05-08,ACC-400,Accessories,1001,34.79,Y,0
2023-05-08,ACC-410,Accessories,368,33.05,Y,0
2023-05-08,BED-100,Bedding,439,136.72,Y,0
2023-05-08,BED-110,Bedding,707,73.35,Y,0
2023-05-08,BED-120,Bedding,291,106.62,Y,0
2023-05-08,BTH-300,Bath,878,66.16,Y,0
2023-05-08,BTH-310,Bath,652,37.34,Y,0
2023-05-08,BTH-320,Bath,234,69.24,Y,0
2023-05-08,KIT-200,Kitchen,384,111.8,Y,0
2023-05-08,KIT-210,Kitchen,490,67.9,Y,0
2023-05-08,KIT-220,Kitchen,721,42.56,Y,0
2023-05-15,ACC-400,Accessories,702,40.48,N,0
2023-05-15,ACC-410,Accessories,260,44.13,N,0
2023-05-15,BED-100,Bedding,331,185.27,N,0
2023-05-15,BED-110,Bedding,559,94.43,N,0
2023-05-15,BED-120,Bedding,250,123.9,N,0
2023-05-15,BTH-300,Bath,591,74.96,N,0
2023-05-15,BTH-310,Bath,432,47.02,N,0
2023-05-15,BTH-320,Bath,208,84.43,N,0
2023-05-15,KIT-200,Kitchen,291,144.0,N,0
2023-05-15,KIT-210,Kitchen,389,87.01,N,0
2023-05-15,KIT-220,Kitchen,474,57.69,N,0
2023-05-22,ACC-400,Accessories,736,40.96,N,0
2023-05-22,ACC-410,Accessories,251,42.57,N,0
2023-05-22,BED-100,Bedding,319,184.92,N,0
2023-05-22,BED-110,Bedding,483,98.33,N,0
2023-05-22,BED-120,Bedding,227,122.16,N,0
2023-05-22,BTH-300,Bath,543,76.59,N,0
2023-05-22,BTH-310,Bath,397,48.7,N,0
2023-05-22,BTH-320,Bath,203,86.48,N,0
2023-05-22,KIT-200,Kitchen,310,143.68,N,0
2023-05-22,KIT-210,Kitchen,373,87.69,N,0
2023-05-22,KIT-220,Kitchen,419,58.07,N,0
2023-05-29,ACC-400,Accessories,718,40.96,N,0
2023-05-29,ACC-410,Accessories,285,43.75,N,0
2023-05-29,BED-100,Bedding,338,184.38,N,0
2023-05-29,BED-110,Bedding,555,97.52,N,0
2023-05-29,BED-120,Bedding,254,126.13,N,0
2023-05-29,BTH-300,Bath,596,78.68,N,0
2023-05-29,BTH-310,Bath,405,47.73,N,0
2023-05-29,BTH-320,Bath,191,84.5,N,0
2023-05-29,KIT-200,Kitchen,265,141.83,N,0
2023-05-29,KIT-210,Kitchen,350,88.63,N,0
2023-05-29,KIT-220,Kitchen,439,57.53,N,0
2023-06-05,ACC-400,Accessories,571,40.26,N,0
2023-06-05,ACC-410,Accessories,209,44.6,N,0
2023-06-05,BED-100,Bedding,280,186.71,N,0
2023-06-05,BED-110,Bedding,438,98.0,N,0
2023-06-05,BED-120,Bedding,189,122.94,N,0
2023-06-05,BTH-300,Bath,508,75.3,N,0
2023-06-05,BTH-310,Bath,367,48.01,N,0
2023-06-05,BTH-320,Bath,183,87.12,N,0
2023-06-05,KIT-200,Kitchen,250,144.7,N,0
2023-06-05,KIT-210,Kitchen,316,84.29,N,0
2023-06-05,KIT-220,Kitchen,355,56.42,N,0
2023-06-12,ACC-400,Accessories,538,40.4,N,0
2023-06-12,ACC-410,Accessories,211,44.98,N,0
2023-06-12,BED-100,Bedding,303,179.55,N,0
2023-06-12,BED-110,Bedding,436,97.43,N,0
2023-06-12,BED-120,Bedding,210,124.16,N,0
2023-06-12,BTH-300,Bath,498,76.88,N,0
2023-06-12,BTH-310,Bath,356,47.38,N,0
2023-06-12,BTH-320,Bath,165,83.91,N,0
2023-06-12,KIT-200,Kitchen,264,144.88,N,0
2023-06-12,KIT-210,Kitchen,333,87.14,N,0
2023-06-12,KIT-220,Kitchen,357,58.92,N,0
2023-06-19,ACC-400,Accessories,529,41.28,N,0
2023-06-19,ACC-410,Accessories,234,42.4,N,0
2023-06-19,BED-100,Bedding,276,180.98,N,0
2023-06-19,BED-110,Bedding,430,96.88,N,0
2023-06-19,BED-120,Bedding,180,128.51,N,0
2023-06-19,BTH-300,Bath,469,75.87,N,0
2023-06-19,BTH-310,Bath,333,48.68,N,0
2023-06-19,BTH-320,Bath,178,85.46,N,0
2023-06-19,KIT-200,Kitchen,257,141.41,N,0
2023-06-19,KIT-210,Kitchen,328,83.95,N,0
2023-06-19,KIT-220,Kitchen,399,56.11,N,0
2023-06-26,ACC-400,Accessories,519,41.36,N,0
2023-06-26,ACC-410,Accessories,240,43.27,N,0
2023-06-26,BED-100,Bedding,300,187.49,N,0
2023-06-26,BED-110,Bedding,439,95.62,N,0
2023-06-26,BED-120,Bedding,194,124.84,N,0
2023-06-26,BTH-300,Bath,473,78.46,N,0
2023-06-26,BTH-310,Bath,334,46.17,N,0
2023-06-26,BTH-320,Bath,170,86.43,N,0
2023-06-26,KIT-200,Kitchen,252,140.37,N,0
2023-06-26,KIT-210,Kitchen,312,85.76,N,0
2023-06-26,KIT-220,Kitchen,340,57.44,N,0
2023-07-03,ACC-400,Accessories,792,33.86,Y,0
2023-07-03,ACC-410,Accessories,322,34.27,Y,0
2023-07-03,BED-100,Bedding,468,148.58,Y,0
2023-07-03,BED-110,Bedding,593,71.48,Y,0
2023-07-03,BED-120,Bedding,247,107.78,Y,0
2023-07-03,BTH-300,Bath,703,65.61,Y,0
2023-07-03,BTH-310,Bath,461,39.31,Y,0
2023-07-03,BTH-320,Bath,290,65.55,Y,0
2023-07-03,KIT-200,Kitchen,388,121.1,Y,0
2023-07-03,KIT-210,Kitchen,422,72.19,Y,0
2023-07-03,KIT-220,Kitchen,570,48.63,Y,0
2023-07-10,ACC-400,Accessories,693,31.96,Y,0
2023-07-10,ACC-410,Accessories,303,33.36,Y,0
2023-07-10,BED-100,Bedding,449,136.51,Y,0
2023-07-10,BED-110,Bedding,666,78.46,Y,0
2023-07-10,BED-120,Bedding,311,98.84,Y,0
2023-07-10,BTH-300,Bath,676,63.74,Y,0
2023-07-10,BTH-310,Bath,596,40.68,Y,0
2023-07-10,BTH-320,Bath,268,66.77,Y,0
2023-07-10,KIT-200,Kitchen,348,112.61,Y,0
2023-07-10,KIT-210,Kitchen,431,73.74,Y,0
2023-07-10,KIT-220,Kitchen,522,44.19,Y,0
2023-07-17,ACC-400,Accessories,804,30.67,Y,0
2023-07-17,ACC-410,Accessories,336,37.05,Y,0
2023-07-17,BED-100,Bedding,418,141.14,Y,0
2023-07-17,BED-110,Bedding,527,75.0,Y,0
2023-07-17,BED-120,Bedding,316,106.9,Y,0
2023-07-17,BTH-300,Bath,724,58.2,Y,0
2023-07-17,BTH-310,Bath,551,35.35,Y,0
2023-07-17,BTH-320,Bath,248,70.82,Y,0
2023-07-17,KIT-200,Kitchen,301,122.5,Y,0
2023-07-17,KIT-210,Kitchen,466,68.21,Y,0
2023-07-17,KIT-220,Kitchen,572,43.77,Y,0
2023-07-24,ACC-400,Accessories,591,41.0,N,0
2023-07-24,ACC-410,Accessories,203,44.32,N,0
2023-07-24,BED-100,Bedding,305,184.09,N,0
2023-07-24,BED-110,Bedding,491,95.75,N,0
2023-07-24,BED-120,Bedding,217,122.68,N,0
2023-07-24,BTH-300,Bath,491,76.35,N,0
2023-07-24,BTH-310,Bath,340,47.16,N,0
2023-07-24,BTH-320,Bath,183,85.86,N,0
2023-07-24,KIT-200,Kitchen,249,145.67,N,0
2023-07-24,KIT-210,Kitchen,333,84.03,N,0
2023-07-24,KIT-220,Kitchen,380,55.61,N,0
2023-07-31,ACC-400,Accessories,587,40.93,N,0
2023-07-31,ACC-410,Accessories,229,42.65,N,0
2023-07-31,BED-100,Bedding,322,187.74,N,0
2023-07-31,BED-110,Bedding,469,96.98,N,0
2023-07-31,BED-120,Bedding,211,121.52,N,0
2023-07-31,BTH-300,Bath,536,77.93,N,0
2023-07-31,BTH-310,Bath,363,47.22,N,0
2023-07-31,BTH-320,Bath,179,86.66,N,0
2023-07-31,KIT-200,Kitchen,249,148.25,N,0
2023-07-31,KIT-210,Kitchen,338,86.61,N,0
2023-07-31,KIT-220,Kitchen,345,56.49,N,0
2023-08-07,ACC-400,Accessories,708,40.72,N,0
2023-08-07,ACC-410,Accessories,278,42.31,N,0
2023-08-07,BED-100,Bedding,368,187.0,N,0
2023-08-07,BED-110,Bedding,512,94.73,N,0
2023-08-07,BED-120,Bedding,207,125.7,N,0
2023-08-07,BTH-300,Bath,600,75.39,N,0
2023-08-07,BTH-310,Bath,391,48.77,N,0
2023-08-07,BTH-320,Bath,211,86.19,N,0
2023-08-07,KIT-200,Kitchen,279,145.66,N,0
2023-08-07,KIT-210,Kitchen,337,87.46,N,0
2023-08-07,KIT-220,Kitchen,407,56.98,N,0
2023-08-14,ACC-400,Accessories,604,40.24,N,0
2023-08-14,ACC-410,Accessories,261,43.17,N,0
2023-08-14,BED-100,Bedding,372,188.74,N,0
2023-08-14,BED-110,Bedding,481,97.49,N,0
2023-08-14,BED-120,Bedding,247,124.33,N,0
2023-08-14,BTH-300,Bath,556,76.32,N,0
2023-08-14,BTH-310,Bath,369,47.13,N,0
2023-08-14,BTH-320,Bath,200,87.61,N,0
2023-08-14,KIT-200,Kitchen,260,143.41,N,0
2023-08-14,KIT-210,Kitchen,381,86.85,N,0
2023-08-14,KIT-220,Kitchen,450,56.57,N,0
2023-08-21,ACC-400,Accessories,699,40.92,N,0
2023-08-21,ACC-410,Accessories,276,44.41,N,0
2023-08-21,BED-100,Bedding,327,180.0,N,0
2023-08-21,BED-110,Bedding,552,97.19,N,0
2023-08-21,BED-120,Bedding,220,127.49,N,0
2023-08-21,BTH-300,Bath,538,78.43,N,0
2023-08-21,BTH-310,Bath,383,47.38,N,0
2023-08-21,BTH-320,Bath,177,86.18,N,0
2023-08-21,KIT-200,Kitchen,262,141.05,N,0
2023-08-21,KIT-210,Kitchen,379,85.86,N,0
2023-08-21,KIT-220,Kitchen,418,58.97,N,0
2023-08-28,ACC-400,Accessories,666,40.16,N,0
2023-08-28,ACC-410,Accessories,275,43.23,N,0
2023-08-28,BED-100,Bedding,376,180.92,N,0
2023-08-28,BED-110,Bedding,560,95.28,N,0
2023-08-28,BED-120,Bedding,208,125.92,N,0
2023-08-28,BTH-300,Bath,571,75.8,N,0
2023-08-28,BTH-310,Bath,442,46.15,N,0
2023-08-28,BTH-320,Bath,205,84.49,N,0
2023-08-28,KIT-200,Kitchen,308,142.65,N,0
2023-08-28,KIT-210,Kitchen,378,87.85,N,0
2023-08-28,KIT-220,Kitchen,461,56.33,N,0
2023-09-04,ACC-400,Accessories,947,30.95,Y,0
2023-09-04,ACC-410,Accessories,336,35.14,Y,0
2023-09-04,BED-100,Bedding,473,154.22,Y,0
2023-09-04,BED-110,Bedding,704,72.31,Y,0
2023-09-04,BED-120,Bedding,277,108.24,Y,0
2023-09-04,BTH-300,Bath,788,58.09,Y,0
2023-09-04,BTH-310,Bath,570,35.52,Y,0
2023-09-04,BTH-320,Bath,230,64.55,Y,0
2023-09-04,KIT-200,Kitchen,411,118.73,Y,0
2023-09-04,KIT-210,Kitchen,582,72.24,Y,0
2023-09-04,KIT-220,Kitchen,666,47.53,Y,0
2023-09-11,ACC-400,Accessories,943,30.82,Y,0
2023-09-11,ACC-410,Accessories,386,33.87,Y,0
2023-09-11,BED-100,Bedding,492,151.42,Y,0
2023-09-11,BED-110,Bedding,705,75.09,Y,0
2023-09-11,BED-120,Bedding,351,95.9,Y,0
2023-09-11,BTH-300,Bath,783,59.84,Y,0
2023-09-11,BTH-310,Bath,662,40.03,Y,0
2023-09-11,BTH-320,Bath,265,65.15,Y,0
2023-09-11,KIT-200,Kitchen,347,119.13,Y,0
2023-09-11,KIT-210,Kitchen,494,64.64,Y,0
2023-09-11,KIT-220,Kitchen,604,43.36,Y,0
2023-09-18,ACC-400,Accessories,620,40.43,N,0
2023-09-18,ACC-410,Accessories,236,44.15,N,0
2023-09-18,BED-100,Bedding,369,187.06,N,0
2023-09-18,BED-110,Bedding,508,94.21,N,0
2023-09-18,BED-120,Bedding,237,128.46,N,0
2023-09-18,BTH-300,Bath,542,78.72,N,0
2023-09-18,BTH-310,Bath,376,47.01,N,0
2023-09-18,BTH-320,Bath,213,85.22,N,0
2023-09-18,KIT-200,Kitchen,285,145.61,N,0
2023-09-18,KIT-210,Kitchen,398,84.17,N,0
2023-09-18,KIT-220,Kitchen,440,58.76,N,0
2023-09-25,ACC-400,Accessories,728,40.08,N,0
2023-09-25,ACC-410,Accessories,271,44.26,N,0
2023-09-25,BED-100,Bedding,353,178.11,N,0
2023-09-25,BED-110,Bedding,524,98.96,N,0
2023-09-25,BED-120,Bedding,245,127.9,N,0
2023-09-25,BTH-300,Bath,548,75.63,N,0
2023-09-25,BTH-310,Bath,439,48.72,N,0
2023-09-25,BTH-320,Bath,204,83.68,N,0
2023-09-25,KIT-200,Kitchen,302,140.12,N,0
2023-09-25,KIT-210,Kitchen,390,86.21,N,0
2023-09-25,KIT-220,Kitchen,401,58.89,N,0
2023-10-02,ACC-400,Accessories,648,41.54,N,0
2023-10-02,ACC-410,Accessories,249,43.24,N,0
2023-10-02,BED-100,Bedding,344,183.74,N,0
2023-10-02,BED-110,Bedding,511,93.44,N,0
2023-10-02,BED-120,Bedding,239,126.77,N,0
2023-10-02,BTH-300,Bath,511,76.18,N,0
2023-10-02,BTH-310,Bath,399,47.02,N,0
2023-10-02,BTH-320,Bath,215,86.83,N,0
2023-10-02,KIT-200,Kitchen,303,143.72,N,0
2023-10-02,KIT-210,Kitchen,378,88.04,N,0
2023-10-02,KIT-220,Kitchen,467,56.13,N,0
2023-10-09,ACC-400,Accessories,683,41.12,N,0
2023-10-09,ACC-410,Accessories,239,44.44,N,0
2023-10-09,BED-100,Bedding,361,185.35,N,0
2023-10-09,BED-110,Bedding,538,93.66,N,0
2023-10-09,BED-120,Bedding,238,123.78,N,0
2023-10-09,BTH-300,Bath,551,76.94,N,0
2023-10-09,BTH-310,Bath,422,47.36,N,0
2023-10-09,BTH-320,Bath,194,84.17,N,0
2023-10-09,KIT-200,Kitchen,279,147.46,N,0
2023-10-09,KIT-210,Kitchen,334,88.21,N,0
2023-10-09,KIT-220,Kitchen,397,56.35,N,0
2023-10-16,ACC-400,Accessories,669,40.26,N,0
2023-10-16,ACC-410,Accessories,240,43.61,N,0
2023-10-16,BED-100,Bedding,337,183.27,N,0
2023-10-16,BED-110,Bedding,543,93.14,N,0
2023-10-16,BED-120,Bedding,235,122.06,N,0
2023-10-16,BTH-300,Bath,556,75.24,N,0
2023-10-16,BTH-310,Bath,391,47.81,N,0
2023-10-16,BTH-320,Bath,188,85.4,N,0
2023-10-16,KIT-200,Kitchen,303,140.77,N,0
2023-10-16,KIT-210,Kitchen,349,85.24,N,0
2023-10-16,KIT-220,Kitchen,463,58.5,N,0
2023-10-23,ACC-400,Accessories,648,41.68,N,0
2023-10-23,ACC-410,Accessories,251,43.11,N,0
2023-10-23,BED-100,Bedding,327,186.18,N,0
2023-10-23,BED-110,Bedding,545,94.32,N,0
2023-10-23,BED-120,Bedding,241,125.66,N,0
2023-10-23,BTH-300,Bath,594,76.71,N,0
2023-10-23,BTH-310,Bath,422,47.46,N,0
2023-10-23,BTH-320,Bath,201,86.22,N,0
2023-10-23,KIT-200,Kitchen,313,147.1,N,0
2023-10-23,KIT-210,Kitchen,390,86.33,N,0
2023-10-23,KIT-220,Kitchen,436,56.62,N,0
2023-10-30,ACC-400,Accessories,755,41.43,N,0
2023-10-30,ACC-410,Accessories,303,44.82,N,0
2023-10-30,BED-100,Bedding,404,187.4,N,0
2023-10-30,BED-110,Bedding,557,97.19,N,0
2023-10-30,BED-120,Bedding,247,125.78,N,0
2023-10-30,BTH-300,Bath,674,74.93,N,0
2023-10-30,BTH-310,Bath,480,46.96,N,0
2023-10-30,BTH-320,Bath,244,84.13,N,0
2023-10-30,KIT-200,Kitchen,327,140.32,N,0
2023-10-30,KIT-210,Kitchen,409,84.67,N,0
2023-10-30,KIT-220,Kitchen,534,57.66,N,0
2023-11-06,ACC-400,Accessories,836,41.63,N,0
2023-11-06,ACC-410,Accessories,368,43.13,N,0
2023-11-06,BED-100,Bedding,411,186.96,N,0
2023-11-06,BED-110,Bedding,648,96.29,N,0
2023-11-06,BED-120,Bedding,313,128.51,N,0
2023-11-06,BTH-300,Bath,747,77.64,N,0
2023-11-06,BTH-310,Bath,536,47.76,N,0
2023-11-06,BTH-320,Bath,248,84.75,N,0
2023-11-06,KIT-200,Kitchen,349,148.88,N,0
2023-11-06,KIT-210,Kitchen,458,87.49,N,0
2023-11-06,KIT-220,Kitchen,585,56.13,N,0
2023-11-13,ACC-400,Accessories,928,39.7,N,0
2023-11-13,ACC-410,Accessories,393,44.66,N,0
2023-11-13,BED-100,Bedding,505,177.67,N,0
2023-11-13,BED-110,Bedding,722,97.13,N,0
2023-11-13,BED-120,Bedding,326,125.52,N,0
2023-11-13,BTH-300,Bath,784,76.45,N,0
2023-11-13,BTH-310,Bath,581,46.5,N,0
2023-11-13,BTH-320,Bath,261,87.92,N,0
2023-11-13,KIT-200,Kitchen,406,144.63,N,0
2023-11-13,KIT-210,Kitchen,465,87.44,N,0
2023-11-13,KIT-220,Kitchen,554,57.6,N,0
2023-11-20,ACC-400,Accessories,1709,30.3,Y,0
2023-11-20,ACC-410,Accessories,767,34.08,Y,0
2023-11-20,BED-100,Bedding,837,142.91,Y,0
2023-11-20,BED-110,Bedding,1410,78.07,Y,0
2023-11-20,BED-120,Bedding,508,102.87,Y,0
2023-11-20,BTH-300,Bath,1346,62.3,Y,0
2023-11-20,BTH-310,Bath,879,35.64,Y,0
2023-11-20,BTH-320,Bath,429,67.88,Y,0
2023-11-20,KIT-200,Kitchen,741,109.15,Y,0
2023-11-20,KIT-210,Kitchen,956,64.36,Y,0
2023-11-20,KIT-220,Kitchen,996,42.98,Y,0
2023-11-27,ACC-400,Accessories,1417,31.96,Y,3
2023-11-27,ACC-410,Accessories,773,35.43,Y,0
2023-11-27,BED-100,Bedding,1041,136.5,Y,0
2023-11-27,BED-110,Bedding,1308,75.45,Y,0
2023-11-27,BED-120,Bedding,589,100.71,Y,0
2023-11-27,BTH-300,Bath,1457,59.63,Y,0
2023-11-27,BTH-310,Bath,1153,39.7,Y,0
2023-11-27,BTH-320,Bath,499,70.09,Y,0
2023-11-27,KIT-200,Kitchen,734,113.82,Y,0
2023-11-27,KIT-210,Kitchen,1072,65.86,Y,0
2023-11-27,KIT-220,Kitchen,1428,44.88,Y,0
2023-12-04,ACC-400,Accessories,1610,32.37,Y,0
2023-12-04,ACC-410,Accessories,681,35.31,Y,0
2023-12-04,BED-100,Bedding,731,150.52,Y,0
2023-12-04,BED-110,Bedding,1174,78.24,Y,0
2023-12-04,BED-120,Bedding,582,95.58,Y,0
2023-12-04,BTH-300,Bath,1356,65.97,Y,0
2023-12-04,BTH-310,Bath,880,36.2,Y,0
2023-12-04,BTH-320,Bath,385,71.2,Y,0
2023-12-04,KIT-200,Kitchen,642,109.36,Y,0
2023-12-04,KIT-210,Kitchen,849,68.51,Y,0
2023-12-04,KIT-220,Kitchen,876,49.5,Y,0
2023-12-11,ACC-400,Accessories,1492,31.57,Y,0
2023-12-11,ACC-410,Accessories,596,34.51,Y,0
2023-12-11,BED-100,Bedding,729,152.33,Y,0
2023-12-11,BED-110,Bedding,1079,82.72,Y,0
2023-12-11,BED-120,Bedding,530,100.39,Y,0
2023-12-11,BTH-300,Bath,1013,60.44,Y,0
2023-12-11,BTH-310,Bath,838,40.8,Y,0
2023-12-11,BTH-320,Bath,379,72.25,Y,0
2023-12-11,KIT-200,Kitchen,562,108.89,Y,0
2023-12-11,KIT-210,Kitchen,775,68.41,Y,0
2023-12-11,KIT-220,Kitchen,811,47.4,Y,0
2023-12-18,ACC-400,Accessories,1240,34.38,Y,0
2023-12-18,ACC-410,Accessories,472,32.66,Y,0
2023-12-18,BED-100,Bedding,567,138.61,Y,0
2023-12-18,BED-110,Bedding,887,78.97,Y,0
2023-12-18,BED-120,Bedding,399,108.16,Y,0
2023-12-18,BTH-300,Bath,801,64.25,Y,0
2023-12-18,BTH-310,Bath,657,39.37,Y,0
2023-12-18,BTH-320,Bath,326,71.92,Y,0
2023-12-18,KIT-200,Kitchen,495,120.19,Y,0
2023-12-18,KIT-210,Kitchen,703,73.31,Y,0
2023-12-18,KIT-220,Kitchen,833,45.14,Y,0
2023-12-25,ACC-400,Accessories,527,39.79,N,0
2023-12-25,ACC-410,Accessories,222,42.74,N,0
2023-12-25,BED-100,Bedding,289,181.93,N,0
2023-12-25,BED-110,Bedding,447,97.22,N,0
2023-12-25,BED-120,Bedding,203,126.01,N,0
2023-12-25,BTH-300,Bath,495,78.37,N,0
2023-12-25,BTH-310,Bath,360,48.27,N,0
2023-12-25,BTH-320,Bath,179,84.34,N,0
2023-12-25,KIT-200,Kitchen,216,148.35,N,0
2023-12-25,KIT-210,Kitchen,311,88.66,N,0
2023-12-25,KIT-220,Kitchen,351,56.91,N,0
2024-01-01,ACC-400,Accessories,723,33.42,Y,0
2024-01-01,ACC-410,Accessories,316,34.85,Y,0
2024-01-01,BED-100,Bedding,373,154.78,Y,0
2024-01-01,BED-110,Bedding,644,81.15,Y,0
2024-01-01,BED-120,Bedding,271,102.33,Y,0
2024-01-01,BTH-300,Bath,548,58.18,Y,0
2024-01-01,BTH-310,Bath,528,35.32,Y,0
2024-01-01,BTH-320,Bath,260,66.42,Y,0
2024-01-01,KIT-200,Kitchen,288,115.21,Y,0
2024-01-01,KIT-210,Kitchen,375,68.67,Y,0
2024-01-01,KIT-220,Kitchen,445,46.73,Y,0
2024-01-08,ACC-400,Accessories,665,33.79,Y,0
2024-01-08,ACC-410,Accessories,291,32.78,Y,0
2024-01-08,BED-100,Bedding,457,154.35,Y,0
2024-01-08,BED-110,Bedding,550,75.48,Y,0
2024-01-08,BED-120,Bedding,295,97.28,Y,0
2024-01-08,BTH-300,Bath,676,66.05,Y,0
2024-01-08,BTH-310,Bath,496,36.47,Y,0
2024-01-08,BTH-320,Bath,253,70.55,Y,0
2024-01-08,KIT-200,Kitchen,295,110.73,Y,0
2024-01-08,KIT-210,Kitchen,400,70.0,Y,0
2024-01-08,KIT-220,Kitchen,459,44.31,Y,0
2024-01-15,ACC-400,Accessories,726,32.04,Y,0
2024-01-15,ACC-410,Accessories,259,33.94,Y,0
2024-01-15,BED-100,Bedding,386,150.85,Y,0
2024-01-15,BED-110,Bedding,651,80.66,Y,0
2024-01-15,BED-120,Bedding,253,97.65,Y,0
2024-01-15,BTH-300,Bath,691,63.13,Y,0
2024-01-15,BTH-310,Bath,504,39.85,Y,0
2024-01-15,BTH-320,Bath,221,67.23,Y,0
2024-01-15,KIT-200,Kitchen,355,113.48,Y,0
2024-01-15,KIT-210,Kitchen,404,66.21,Y,0
2024-01-15,KIT-220,Kitchen,458,45.85,Y,0
2024-01-22,ACC-400,Accessories,531,41.72,N,0
2024-01-22,ACC-410,Accessories,216,44.13,N,0
2024-01-22,BED-100,Bedding,287,182.42,N,0
2024-01-22,BED-110,Bedding,408,95.36,N,0
2024-01-22,BED-120,Bedding,199,126.04,N,0
2024-01-22,BTH-300,Bath,526,76.09,N,0
2024-01-22,BTH-310,Bath,348,46.9,N,0
2024-01-22,BTH-320,Bath,170,86.07,N,0
2024-01-22,KIT-200,Kitchen,238,140.58,N,0
2024-01-22,KIT-210,Kitchen,312,87.53,N,0
2024-01-22,KIT-220,Kitchen,327,58.56,N,0
2024-01-29,ACC-400,Accessories,526,41.2,N,0
2024-01-29,ACC-410,Accessories,215,43.24,N,0
2024-01-29,BED-100,Bedding,264,185.12,N,0
2024-01-29,BED-110,Bedding,408,98.28,N,0
2024-01-29,BED-120,Bedding,208,127.21,N,0
2024-01-29,BTH-300,Bath,529,77.39,N,0
2024-01-29,BTH-310,Bath,338,47.01,N,0
2024-01-29,BTH-320,Bath,171,87.84,N,0
2024-01-29,KIT-200,Kitchen,247,141.23,N,0
2024-01-29,KIT-210,Kitchen,286,86.84,N,0
2024-01-29,KIT-220,Kitchen,384,57.96,N,0
2024-02-05,ACC-400,Accessories,557,40.69,N,0
2024-02-05,ACC-410,Accessories,189,42.69,N,0
2024-02-05,BED-100,Bedding,263,182.32,N,0
2024-02-05,BED-110,Bedding,451,94.39,N,0
2024-02-05,BED-120,Bedding,195,124.1,N,0
2024-02-05,BTH-300,Bath,511,77.76,N,0
2024-02-05,BTH-310,Bath,376,47.21,N,0
2024-02-05,BTH-320,Bath,163,88.59,N,0
2024-02-05,KIT-200,Kitchen,208,140.8,N,0
2024-02-05,KIT-210,Kitchen,277,86.12,N,0
2024-02-12,ACC-400,Accessories,678,41.64,N,0
2024-02-12,ACC-410,Accessories,248,43.42,N,0
2024-02-12,BED-100,Bedding,325,187.43,N,0
2024-02-12,BED-110,Bedding,563,93.84,N,0
2024-02-12,BED-120,Bedding,217,121.55,N,0
2024-02-12,BTH-300,Bath,602,77.11,N,0
2024-02-12,BTH-310,Bath,406,46.27,N,0
2024-02-12,BTH-320,Bath,184,87.71,N,0
2024-02-12,KIT-200,Kitchen,299,140.77,N,0
2024-02-12,KIT-210,Kitchen,367,84.02,N,0
2024-02-19,ACC-400,Accessories,592,40.07,N,0
2024-02-19,ACC-410,Accessories,267,42.76,N,0
2024-02-19,BED-100,Bedding,374,186.89,N,0
2024-02-19,BED-110,Bedding,497,98.55,N,0
2024-02-19,BED-120,Bedding,247,123.03,N,0
2024-02-19,BTH-300,Bath,594,77.41,N,0
2024-02-19,BTH-310,Bath,384,48.78,N,0
2024-02-19,BTH-320,Bath,183,86.05,N,0
2024-02-19,KIT-200,Kitchen,285,140.79,N,0
2024-02-19,KIT-210,Kitchen,374,84.56,N,0
2024-02-26,ACC-400,Accessories,660,39.98,N,0
2024-02-26,ACC-410,Accessories,271,42.4,N,0
2024-02-26,BED-100,Bedding,339,178.05,N,0
2024-02-26,BED-110,Bedding,549,93.94,N,0
2024-02-26,BED-120,Bedding,243,122.4,N,0
2024-02-26,BTH-300,Bath,569,75.4,N,0
2024-02-26,BTH-310,Bath,377,48.42,N,0
2024-02-26,BTH-320,Bath,209,86.87,N,0
2024-02-26,KIT-200,Kitchen,279,145.32,N,0
2024-02-26,KIT-210,Kitchen,332,86.1,N,0
2024-02-26,KIT-220,Kitchen,420,55.94,N,0
2024-03-04,ACC-400,Accessories,815,33.06,Y,0
2024-03-04,ACC-410,Accessories,362,32.78,Y,0
2024-03-04,BED-100,Bedding,511,156.0,Y,0
2024-03-04,BED-110,Bedding,766,80.0,Y,0
2024-03-04,BED-120,Bedding,314,98.79,Y,0
2024-03-04,BTH-300,Bath,847,59.84,Y,0
2024-03-04,BTH-310,Bath,623,39.86,Y,0
2024-03-04,BTH-320,Bath,293,67.93,Y,0
2024-03-04,KIT-200,Kitchen,344,108.08,Y,0
2024-03-04,KIT-210,Kitchen,580,73.33,Y,0
2024-03-04,KIT-220,Kitchen,659,47.54,Y,0
2024-03-11,ACC-400,Accessories,1036,31.98,Y,0
2024-03-11,ACC-410,Accessories,380,32.66,Y,0
2024-03-11,BED-100,Bedding,517,142.11,Y,0
2024-03-11,BED-110,Bedding,656,75.19,Y,0
2024-03-11,BED-120,Bedding,279,101.08,Y,0
2024-03-11,BTH-300,Bath,841,62.21,Y,0
2024-03-11,BTH-310,Bath,530,38.19,Y,0
2024-03-11,BTH-320,Bath,281,67.28,Y,0
2024-03-11,KIT-200,Kitchen,462,122.03,Y,0
2024-03-11,KIT-210,Kitchen,589,66.39,Y,0
2024-03-11,KIT-220,Kitchen,700,42.68,Y,0
2024-03-18,ACC-400,Accessories,1060,31.19,Y,0
2024-03-18,ACC-410,Accessories,392,34.4,Y,0
2024-03-18,BED-100,Bedding,507,140.33,Y,0
2024-03-18,BED-110,Bedding,811,78.95,Y,0
2024-03-18,BED-120,Bedding,343,101.06,Y,0
2024-03-18,BTH-300,Bath,790,64.11,Y,0
2024-03-18,BTH-310,Bath,647,38.41,Y,0
2024-03-18,BTH-320,Bath,277,71.23,Y,0
2024-03-18,KIT-200,Kitchen,372,113.36,Y,0
2024-03-18,KIT-210,Kitchen,593,68.36,Y,0
2024-03-18,KIT-220,Kitchen,632,44.75,Y,0
2024-03-25,ACC-400,Accessories,725,41.81,N,0
2024-03-25,ACC-410,Accessories,231,44.89,N,0
2024-03-25,BED-100,Bedding,334,180.14,N,0
2024-03-25,BED-110,Bedding,496,95.54,N,0
2024-03-25,BED-120,Bedding,209,124.9,N,0
2024-03-25,BTH-300,Bath,594,74.54,N,0
2024-03-25,BTH-310,Bath,454,47.8,N,0
2024-03-25,BTH-320,Bath,191,88.88,N,0
2024-03-25,KIT-200,Kitchen,268,144.91,N,0
2024-03-25,KIT-210,Kitchen,399,88.93,N,0
2024-03-25,KIT-220,Kitchen,463,56.06,N,0
2024-04-01,ACC-400,Accessories,780,40.61,N,0
2024-04-01,ACC-410,Accessories,301,43.43,N,0
2024-04-01,BED-100,Bedding,389,188.09,N,0
2024-04-01,BED-110,Bedding,567,93.96,N,0
2024-04-01,BED-120,Bedding,233,126.05,N,0
2024-04-01,BTH-300,Bath,606,76.16,N,0
2024-04-01,BTH-310,Bath,469,46.75,N,0
2024-04-01,BTH-320,Bath,226,88.68,N,0
2024-04-01,KIT-200,Kitchen,331,148.52,N,0
2024-04-01,KIT-210,Kitchen,381,87.51,N,0
2024-04-01,KIT-220,Kitchen,532,57.18,N,0
2024-04-08,ACC-400,Accessories,824,39.57,N,0
2024-04-08,ACC-410,Accessories,320,42.79,N,0
2024-04-08,BED-100,Bedding,355,182.39,N,0
2024-04-08,BED-110,Bedding,599,95.67,N,0
2024-04-08,BED-120,Bedding,260,123.03,N,0
2024-04-08,BTH-300,Bath,666,78.48,N,0
2024-04-08,BTH-310,Bath,443,47.15,N,0
2024-04-08,BTH-320,Bath,213,87.35,N,0
2024-04-08,KIT-200,Kitchen,286,142.27,N,0
2024-04-08,KIT-210,Kitchen,438,84.81,N,0
2024-04-08,KIT-220,Kitchen,497,57.84,N,0
2024-04-15,ACC-400,Accessories,777,41.05,N,0
2024-04-15,ACC-410,Accessories,304,43.43,N,0
2024-04-15,BED-100,Bedding,381,188.26,N,0
2024-04-15,BED-110,Bedding,559,93.94,N,0
2024-04-15,BED-120,Bedding,263,124.24,N,0
2024-04-15,BTH-300,Bath,620,76.17,N,0
2024-04-15,BTH-310,Bath,463,48.83,N,0
2024-04-15,BTH-320,Bath,215,87.28,N,0
2024-04-15,KIT-200,Kitchen,311,142.84,N,0
2024-04-15,KIT-210,Kitchen,436,87.47,N,0
2024-04-15,KIT-220,Kitchen,466,56.55,N,0
2024-04-22,ACC-400,Accessories,727,40.09,N,0
2024-04-22,ACC-410,Accessories,295,44.29,N,0
2024-04-22,BED-100,Bedding,384,186.83,N,0
2024-04-22,BED-110,Bedding,596,93.86,N,0
2024-04-22,BED-120,Bedding,263,127.7,N,0
2024-04-22,BTH-300,Bath,622,77.86,N,0
2024-04-22,BTH-310,Bath,451,47.63,N,0
2024-04-22,BTH-320,Bath,215,84.16,N,0
2024-04-22,KIT-200,Kitchen,313,147.81,N,0
2024-04-22,KIT-210,Kitchen,423,87.47,N,0
2024-04-22,KIT-220,Kitchen,451,57.61,N,0
2024-04-29,ACC-400,Accessories,732,39.93,N,0
2024-04-29,ACC-410,Accessories,274,44.94,N,0
2024-04-29,BED-100,Bedding,380,188.43,N,0
2024-04-29,BED-110,Bedding,529,94.42,N,0
2024-04-29,BED-120,Bedding,249,126.14,N,0
2024-04-29,BTH-300,Bath,676,77.27,N,0
2024-04-29,BTH-310,Bath,427,46.75,N,0
2024-04-29,BTH-320,Bath,211,85.28,N,0
2024-04-29,KIT-200,Kitchen,350,148.87,N,0
2024-04-29,KIT-210,Kitchen,428,84.39,N,0
2024-04-29,KIT-220,Kitchen,500,56.39,N,0
2024-05-06,ACC-400,Accessories,913,32.49,Y,0
2024-05-06,ACC-410,Accessories,366,36.49,Y,0
2024-05-06,BED-100,Bedding,538,153.07,Y,0
2024-05-06,BED-110,Bedding,860,74.92,Y,0
2024-05-06,BED-120,Bedding,379,99.45,Y,0
2024-05-06,BTH-300,Bath,859,62.06,Y,0
2024-05-06,BTH-310,Bath,568,36.35,Y,0
2024-05-06,BTH-320,Bath,306,74.52,Y,0
2024-05-06,KIT-200,Kitchen,474,122.61,Y,0
2024-05-06,KIT-210,Kitchen,506,71.13,Y,0
2024-05-06,KIT-220,Kitchen,786,42.94,Y,0
2024-05-13,ACC-400,Accessories,1067,34.53,Y,0
2024-05-13,ACC-410,Accessories,424,36.3,Y,0
2024-05-13,BED-100,Bedding,604,138.08,Y,0
2024-05-13,BED-110,Bedding,812,74.82,Y,0
2024-05-13,BED-120,Bedding,322,104.76,Y,0
2024-05-13,BTH-300,Bath,944,62.45,Y,0
2024-05-13,BTH-310,Bath,540,37.45,Y,0
2024-05-13,BTH-320,Bath,339,73.19,Y,0
2024-05-13,KIT-200,Kitchen,421,114.44,Y,0
2024-05-13,KIT-210,Kitchen,527,73.56,Y,0
2024-05-13,KIT-220,Kitchen,644,45.16,Y,0
2024-05-20,ACC-400,Accessories,847,41.9,N,0
2024-05-20,ACC-410,Accessories,303,44.88,N,0
2024-05-20,BED-100,Bedding,389,187.46,N,0
2024-05-20,BED-110,Bedding,535,97.85,N,0
2024-05-20,BED-120,Bedding,233,128.5,N,0
2024-05-20,BTH-300,Bath,656,74.75,N,0
2024-05-20,BTH-310,Bath,435,47.49,N,0
2024-05-20,BTH-320,Bath,241,86.1,N,0
2024-05-20,KIT-200,Kitchen,300,148.85,N,0
2024-05-20,KIT-210,Kitchen,400,86.51,N,0
2024-05-20,KIT-220,Kitchen,501,56.55,N,0
2024-05-27,ACC-400,Accessories,824,40.83,N,0
2024-05-27,ACC-410,Accessories,310,44.99,N,0
2024-05-27,BED-100,Bedding,428,178.85,N,0
2024-05-27,BED-110,Bedding,534,98.73,N,0
2024-05-27,BED-120,Bedding,242,121.51,N,0
2024-05-27,BTH-300,Bath,582,77.92,N,0
2024-05-27,BTH-310,Bath,509,46.83,N,0
2024-05-27,BTH-320,Bath,233,84.59,N,0
2024-05-27,KIT-200,Kitchen,305,146.67,N,0
2024-05-27,KIT-210,Kitchen,380,86.03,N,0
2024-05-27,KIT-220,Kitchen,503,56.96,N,0
2024-06-03,ACC-400,Accessories,606,41.89,N,0
2024-06-03,ACC-400,Accessories,606,41.89,N,0
2024-06-03,ACC-410,Accessories,259,44.26,N,0
2024-06-03,ACC-410,Accessories,259,44.26,N,0
2024-06-03,BED-100,Bedding,321,188.61,N,0
2024-06-03,BED-100,Bedding,321,188.61,N,0
2024-06-03,BED-110,Bedding,514,98.72,N,0
2024-06-03,BED-110,Bedding,514,98.72,N,0
2024-06-03,BED-120,Bedding,218,124.7,N,0
2024-06-03,BED-120,Bedding,218,124.7,N,0
2024-06-03,BTH-300,Bath,599,77.37,N,0
2024-06-03,BTH-300,Bath,599,77.37,N,0
2024-06-03,BTH-310,Bath,387,47.12,N,0
2024-06-03,BTH-310,Bath,387,47.12,N,0
2024-06-03,BTH-320,Bath,200,87.31,N,0
2024-06-03,BTH-320,Bath,200,87.31,N,0
2024-06-03,KIT-200,Kitchen,293,143.26,N,0
2024-06-03,KIT-200,Kitchen,293,143.26,N,0
2024-06-03,KIT-210,Kitchen,362,85.6,N,0
2024-06-03,KIT-210,Kitchen,362,85.6,N,0
2024-06-03,KIT-220,Kitchen,378,58.59,N,0
2024-06-03,KIT-220,Kitchen,378,58.59,N,0
2024-06-10,ACC-400,Accessories,570,39.64,N,0
2024-06-10,ACC-410,Accessories,260,44.55,N,0
2024-06-10,BED-100,Bedding,319,186.74,N,0
2024-06-10,BED-110,Bedding,455,95.98,N,0
2024-06-10,BED-120,Bedding,205,123.26,N,0
2024-06-10,BTH-300,Bath,524,76.02,N,0
2024-06-10,BTH-310,Bath,414,48.35,N,0
2024-06-10,BTH-320,Bath,191,87.38,N,0
2024-06-10,KIT-200,Kitchen,254,146.3,N,0
2024-06-10,KIT-210,Kitchen,348,85.14,N,0
2024-06-10,KIT-220,Kitchen,454,57.65,N,0
2024-06-17,ACC-400,Accessories,603,39.92,N,0
2024-06-17,ACC-410,Accessories,243,44.24,N,0
2024-06-17,BED-100,Bedding,366,184.37,N,0
2024-06-17,BED-110,Bedding,474,97.26,N,0
2024-06-17,BED-120,Bedding,217,125.18,N,0
2024-06-17,BTH-300,Bath,517,75.53,N,0
2024-06-17,BTH-310,Bath,426,48.12,N,0
2024-06-17,BTH-320,Bath,201,85.03,N,0
2024-06-17,KIT-200,Kitchen,257,140.19,N,0
2024-06-17,KIT-210,Kitchen,386,86.6,N,0
2024-06-17,KIT-220,Kitchen,434,57.7,N,0
2024-06-24,ACC-400,Accessories,644,41.81,N,0
2024-06-24,ACC-410,Accessories,223,42.84,N,0
2024-06-24,BED-100,Bedding,329,183.2,N,0
2024-06-24,BED-110,Bedding,541,96.98,N,0
2024-06-24,BED-120,Bedding,206,124.89,N,0
2024-06-24,BTH-300,Bath,552,77.49,N,0
2024-06-24,BTH-310,Bath,438,48.16,N,0
2024-06-24,BTH-320,Bath,178,85.61,N,0
2024-06-24,KIT-200,Kitchen,286,143.65,N,0
2024-06-24,KIT-210,Kitchen,340,84.09,N,0
2024-06-24,KIT-220,Kitchen,411,58.62,N,0
2024-07-01,ACC-400,Accessories,812,34.12,Y,0
2024-07-01,ACC-410,Accessories,325,34.45,Y,0
2024-07-01,BED-100,Bedding,413,143.06,Y,0
2024-07-01,BED-110,Bedding,800,83.09,Y,0
2024-07-01,BED-120,Bedding,287,97.61,Y,0
2024-07-01,BTH-300,Bath,655,64.74,Y,0
2024-07-01,BTH-310,Bath,520,38.3,Y,0
2024-07-01,BTH-320,Bath,284,74.05,Y,0
2024-07-01,KIT-200,Kitchen,371,122.92,Y,0
2024-07-01,KIT-210,Kitchen,577,71.87,Y,0
2024-07-01,KIT-220,Kitchen,519,44.17,Y,0
2024-07-08,ACC-400,Accessories,878,32.66,Y,0
2024-07-08,ACC-410,Accessories,382,33.04,Y,0
2024-07-08,BED-100,Bedding,482,155.86,Y,0
2024-07-08,BED-110,Bedding,691,81.23,Y,0
2024-07-08,BED-120,Bedding,311,103.32,Y,0
2024-07-08,BTH-300,Bath,805,64.43,Y,0
2024-07-08,BTH-310,Bath,596,39.06,Y,0
2024-07-08,BTH-320,Bath,269,71.28,Y,0
2024-07-08,KIT-200,Kitchen,408,116.51,Y,0
2024-07-08,KIT-210,Kitchen,506,71.91,Y,0
2024-07-08,KIT-220,Kitchen,483,46.25,Y,0
2024-07-15,ACC-400,Accessories,762,30.74,Y,0
2024-07-15,ACC-410,Accessories,330,33.07,Y,0
2024-07-15,BED-100,Bedding,503,146.8,Y,0
2024-07-15,BED-110,Bedding,710,81.27,Y,0
2024-07-15,BED-120,Bedding,296,97.66,Y,0
2024-07-15,BTH-300,Bath,826,57.4,Y,0
2024-07-15,BTH-310,Bath,522,36.42,Y,0
2024-07-15,BTH-320,Bath,267,66.08,Y,0
2024-07-15,KIT-200,Kitchen,349,107.37,Y,0
2024-07-15,KIT-210,Kitchen,511,65.59,Y,0
2024-07-15,KIT-220,Kitchen,551,47.65,Y,0
2024-07-22,ACC-400,Accessories,679,41.33,N,0
2024-07-22,ACC-410,Accessories,252,44.05,N,0
2024-07-22,BED-100,Bedding,345,180.45,N,0
2024-07-22,BED-110,Bedding,519,96.07,N,0
2024-07-22,BED-120,Bedding,185,125.48,N,0
2024-07-22,BTH-300,Bath,507,76.12,N,0
2024-07-22,BTH-310,Bath,415,47.19,N,0
2024-07-22,BTH-320,Bath,208,86.95,N,0
2024-07-22,KIT-200,Kitchen,269,145.22,N,0
2024-07-22,KIT-210,Kitchen,332,85.74,N,0
2024-07-22,KIT-220,Kitchen,452,58.0,N,0
2024-07-29,ACC-400,Accessories,649,39.86,N,0
2024-07-29,ACC-410,Accessories,237,42.76,N,0
2024-07-29,BED-100,Bedding,351,182.68,N,0
2024-07-29,BED-110,Bedding,540,93.52,N,0
2024-07-29,BED-120,Bedding,187,127.75,N,0
2024-07-29,BTH-300,Bath,530,75.91,N,0
2024-07-29,BTH-310,Bath,382,46.52,N,0
2024-07-29,BTH-320,Bath,175,87.26,N,0
2024-07-29,KIT-200,Kitchen,272,143.39,N,0
2024-07-29,KIT-210,Kitchen,352,87.72,N,0
2024-07-29,KIT-220,Kitchen,400,55.93,N,0
2024-08-05,ACC-400,Accessories,811,40.41,N,0
2024-08-05,ACC-410,Accessories,308,44.19,N,0
2024-08-05,BED-100,Bedding,418,186.0,N,0
2024-08-05,BED-110,Bedding,587,96.21,N,0
2024-08-05,BED-120,Bedding,240,122.74,N,0
2024-08-05,BTH-300,Bath,622,76.44,N,0
2024-08-05,BTH-310,Bath,489,46.25,N,0
2024-08-05,BTH-320,Bath,205,85.72,N,0
2024-08-05,KIT-200,Kitchen,281,147.78,N,0
2024-08-05,KIT-210,Kitchen,365,84.91,N,0
2024-08-05,KIT-220,Kitchen,514,56.3,N,0
2024-08-12,ACC-400,Accessories,691,41.91,N,0
2024-08-12,ACC-410,Accessories,292,43.27,N,0
2024-08-12,BED-100,Bedding,382,188.44,N,0
2024-08-12,BED-110,Bedding,607,94.75,N,0
2024-08-12,BED-120,Bedding,215,121.42,N,0
2024-08-12,BTH-300,Bath,580,76.38,N,0
2024-08-12,BTH-310,Bath,430,46.46,N,0
2024-08-12,BTH-320,Bath,201,84.07,N,0
2024-08-12,KIT-200,Kitchen,292,143.45,N,0
2024-08-12,KIT-210,Kitchen,405,88.29,N,0
2024-08-12,KIT-220,Kitchen,505,55.51,N,0
2024-08-19,ACC-400,Accessories,716,41.15,N,0
2024-08-19,ACC-410,Accessories,309,44.5,N,0
2024-08-19,BED-100,Bedding,405,179.85,N,0
2024-08-19,BED-110,Bedding,586,96.89,N,0
2024-08-19,BED-120,Bedding,211,124.22,N,0
2024-08-19,BTH-300,Bath,674,76.78,N,0
2024-08-19,BTH-310,Bath,432,47.05,N,0
2024-08-19,BTH-320,Bath,223,84.31,N,0
2024-08-19,KIT-200,Kitchen,286,143.39,N,0
2024-08-19,KIT-210,Kitchen,439,83.72,N,0
2024-08-19,KIT-220,Kitchen,520,58.21,N,0
2024-08-26,ACC-400,Accessories,800,41.18,N,0
2024-08-26,ACC-410,Accessories,261,42.72,N,0
2024-08-26,BED-100,Bedding,393,180.32,N,0
2024-08-26,BED-110,Bedding,623,97.17,N,0
2024-08-26,BED-120,Bedding,209,122.62,N,0
2024-08-26,BTH-300,Bath,582,78.4,N,0
2024-08-26,BTH-310,Bath,418,46.69,N,0
2024-08-26,BTH-320,Bath,205,88.93,N,0
2024-08-26,KIT-200,Kitchen,332,145.84,N,0
2024-08-26,KIT-210,Kitchen,417,86.71,N,0
2024-08-26,KIT-220,Kitchen,436,57.12,N,0
2024-09-02,ACC-400,Accessories,957,30.79,Y,0
2024-09-02,ACC-410,Accessories,454,35.36,Y,0
2024-09-02,BED-100,Bedding,444,152.41,Y,0
2024-09-02,BED-110,Bedding,937,81.97,Y,0
2024-09-02,BED-120,Bedding,257,101.41,Y,0
2024-09-02,BTH-300,Bath,756,59.44,Y,0
2024-09-02,BTH-310,Bath,665,40.92,Y,0
2024-09-02,BTH-320,Bath,283,72.38,Y,0
2024-09-02,KIT-200,Kitchen,487,113.37,Y,0
2024-09-02,KIT-210,Kitchen,540,63.53,Y,0
2024-09-02,KIT-220,Kitchen,583,42.91,Y,0
2024-09-09,ACC-400,Accessories,950,33.61,Y,0
2024-09-09,ACC-410,Accessories,436,35.21,Y,0
2024-09-09,BED-100,Bedding,507,143.8,Y,0
2024-09-09,BED-110,Bedding,736,81.09,Y,0
2024-09-09,BED-120,Bedding,251,106.91,Y,0
2024-09-09,BTH-300,Bath,861,61.08,Y,0
2024-09-09,BTH-310,Bath,598,37.95,Y,0
2024-09-09,BTH-320,Bath,319,73.65,Y,0
2024-09-09,KIT-200,Kitchen,447,123.95,Y,0
2024-09-09,KIT-210,Kitchen,628,61.3,Y,0
2024-09-09,KIT-220,Kitchen,660,44.94,Y,0
2024-09-16,ACC-400,Accessories,740,40.6,N,0
2024-09-16,ACC-410,Accessories,313,44.39,N,0
2024-09-16,BED-100,Bedding,417,188.43,N,0
2024-09-16,BED-110,Bedding,524,98.59,N,0
2024-09-16,BED-120,Bedding,199,127.01,N,0
2024-09-16,BTH-300,Bath,634,78.18,N,0
2024-09-16,BTH-310,Bath,438,46.14,N,0
2024-09-16,BTH-320,Bath,201,86.17,N,0
2024-09-16,KIT-200,Kitchen,288,142.02,N,0
2024-09-16,KIT-210,Kitchen,382,77.86,N,0
2024-09-16,KIT-220,Kitchen,452,57.59,N,0
2024-09-23,ACC-400,Accessories,687,41.82,N,0
2024-09-23,ACC-410,Accessories,299,44.51,N,0
2024-09-23,BED-100,Bedding,401,182.25,N,0
2024-09-23,BED-110,Bedding,565,95.36,N,0
2024-09-23,BED-120,Bedding,174,126.14,N,0
2024-09-23,BTH-300,Bath,608,77.78,N,0
2024-09-23,BTH-310,Bath,495,47.78,N,0
2024-09-23,BTH-320,Bath,233,88.11,N,0
2024-09-23,KIT-200,Kitchen,296,142.7,N,0
2024-09-23,KIT-210,Kitchen,386,78.78,N,0
2024-09-23,KIT-220,Kitchen,443,56.27,N,0
2024-09-30,ACC-400,Accessories,783,40.42,N,0
2024-09-30,ACC-410,Accessories,301,44.96,N,0
2024-09-30,BED-100,Bedding,392,179.25,N,0
2024-09-30,BED-110,Bedding,616,97.39,N,0
2024-09-30,BED-120,Bedding,173,122.45,N,0
2024-09-30,BTH-300,Bath,621,75.24,N,0
2024-09-30,BTH-310,Bath,439,46.21,N,0
2024-09-30,BTH-320,Bath,208,85.47,N,0
2024-09-30,KIT-200,Kitchen,328,140.53,N,0
2024-09-30,KIT-210,Kitchen,389,74.78,N,0
2024-09-30,KIT-220,Kitchen,458,58.44,N,0
2024-10-07,ACC-400,Accessories,783,40.29,N,0
2024-10-07,ACC-410,Accessories,281,42.37,N,0
2024-10-07,BED-100,Bedding,374,186.45,N,0
2024-10-07,BED-110,Bedding,575,94.05,N,0
2024-10-07,BED-120,Bedding,172,123.04,N,0
2024-10-07,BTH-300,Bath,662,77.79,N,0
2024-10-07,BTH-310,Bath,455,48.76,N,0
2024-10-07,BTH-320,Bath,234,87.04,N,0
2024-10-07,KIT-200,Kitchen,339,141.78,N,0
2024-10-07,KIT-210,Kitchen,444,74.35,N,0
2024-10-07,KIT-220,Kitchen,484,57.63,N,0
2024-10-14,ACC-400,Accessories,821,41.65,N,0
2024-10-14,ACC-410,Accessories,304,44.79,N,0
2024-10-14,BED-100,Bedding,370,180.94,N,0
2024-10-14,BED-110,Bedding,560,98.42,N,0
2024-10-14,BED-120,Bedding,169,122.46,N,0
2024-10-14,BTH-300,Bath,685,76.02,N,0
2024-10-14,BTH-310,Bath,487,47.13,N,0
2024-10-14,BTH-320,Bath,209,85.05,N,0
2024-10-14,KIT-200,Kitchen,284,144.61,N,0
2024-10-14,KIT-210,Kitchen,444,78.05,N,0
2024-10-14,KIT-220,Kitchen,471,56.56,N,0
2024-10-21,ACC-400,Accessories,750,40.98,N,0
2024-10-21,ACC-410,Accessories,290,43.08,N,0
2024-10-21,BED-100,Bedding,374,187.0,N,0
2024-10-21,BED-110,Bedding,620,96.11,N,0
2024-10-21,BED-120,Bedding,162,123.27,N,0
2024-10-21,BTH-300,Bath,677,76.65,N,0
2024-10-21,BTH-310,Bath,461,48.99,N,0
2024-10-21,BTH-320,Bath,231,87.28,N,0
2024-10-21,KIT-200,Kitchen,304,147.91,N,0
2024-10-21,KIT-210,Kitchen,440,75.33,N,0
2024-10-21,KIT-220,Kitchen,488,56.59,N,0
2024-10-28,ACC-400,Accessories,857,41.26,N,0
2024-10-28,ACC-410,Accessories,366,43.86,N,0
2024-10-28,BED-100,Bedding,444,187.77,N,0
2024-10-28,BED-110,Bedding,710,97.9,N,0
2024-10-28,BED-120,Bedding,171,122.4,N,0
2024-10-28,BTH-300,Bath,772,75.46,N,0
2024-10-28,BTH-310,Bath,576,46.82,N,0
2024-10-28,BTH-320,Bath,255,84.05,N,0
2024-10-28,KIT-200,Kitchen,370,146.96,N,0
2024-10-28,KIT-210,Kitchen,454,75.16,N,0
2024-10-28,KIT-220,Kitchen,550,58.82,N,0
2024-11-04,ACC-400,Accessories,966,40.31,N,0
2024-11-04,ACC-410,Accessories,373,44.72,N,0
2024-11-04,BED-100,Bedding,476,184.1,N,0
2024-11-04,BED-110,Bedding,724,97.98,N,0
2024-11-04,BED-120,Bedding,190,125.44,N,0
2024-11-04,BTH-300,Bath,772,74.8,N,0
2024-11-04,BTH-310,Bath,617,47.33,N,0
2024-11-04,BTH-320,Bath,283,87.07,N,0
2024-11-04,KIT-200,Kitchen,431,145.35,N,0
2024-11-04,KIT-210,Kitchen,576,78.48,N,0
2024-11-04,KIT-220,Kitchen,593,56.23,N,0
2024-11-11,ACC-400,Accessories,1049,40.1,N,0
2024-11-11,ACC-410,Accessories,375,42.64,N,0
2024-11-11,BED-100,Bedding,566,181.91,N,0
2024-11-11,BED-110,Bedding,736,93.38,N,0
2024-11-11,BED-120,Bedding,190,125.55,N,0
2024-11-11,BTH-300,Bath,805,74.26,N,0
2024-11-11,BTH-310,Bath,560,48.85,N,0
2024-11-11,BTH-320,Bath,295,85.09,N,0
2024-11-11,KIT-200,Kitchen,418,141.95,N,0
2024-11-11,KIT-210,Kitchen,568,77.11,N,0
2024-11-11,KIT-220,Kitchen,688,57.44,N,0
2024-11-18,ACC-400,Accessories,1508,41.46,N,0
2024-11-18,ACC-410,Accessories,540,43.05,N,0
2024-11-18,BED-100,Bedding,602,188.61,N,0
2024-11-18,BED-110,Bedding,1052,94.62,N,0
2024-11-18,BED-120,Bedding,223,122.63,N,0
2024-11-18,BTH-300,Bath,1012,74.28,N,0
2024-11-18,BTH-310,Bath,686,46.58,N,0
2024-11-18,BTH-320,Bath,355,84.76,N,0
2024-11-18,KIT-200,Kitchen,563,148.7,N,0
2024-11-18,KIT-210,Kitchen,731,74.38,N,0
2024-11-18,KIT-220,Kitchen,787,57.47,N,0
2024-11-25,ACC-400,Accessories,2271,32.37,Y,0
2024-11-25,ACC-410,Accessories,956,34.65,Y,0
2024-11-25,BED-100,Bedding,946,150.13,Y,0
2024-11-25,BED-110,Bedding,1310,76.45,Y,0
2024-11-25,BED-120,Bedding,298,100.03,Y,0
2024-11-25,BTH-300,Bath,997,57.39,Y,4
2024-11-25,BTH-310,Bath,1190,40.37,Y,0
2024-11-25,BTH-320,Bath,581,71.35,Y,0
2024-11-25,KIT-200,Kitchen,916,124.32,Y,0
2024-11-25,KIT-210,Kitchen,1113,61.8,Y,0
2024-11-25,KIT-220,Kitchen,1409,46.03,Y,0
2024-12-02,ACC-400,Accessories,1708,34.87,Y,0
2024-12-02,ACC-410,Accessories,702,35.95,Y,0
2024-12-02,BED-100,Bedding,800,139.06,Y,0
2024-12-02,BED-110,Bedding,1443,83.02,Y,0
2024-12-02,BED-120,Bedding,276,95.74,Y,0
2024-12-02,BTH-300,Bath,277,60.16,Y,7
2024-12-02,BTH-310,Bath,1051,37.83,Y,0
2024-12-02,BTH-320,Bath,492,68.35,Y,0
2024-12-02,KIT-200,Kitchen,763,111.74,Y,0
2024-12-02,KIT-210,Kitchen,956,65.07,Y,0
2024-12-02,KIT-220,Kitchen,1130,44.67,Y,0
2024-12-09,ACC-400,Accessories,1866,31.63,Y,0
2024-12-09,ACC-410,Accessories,558,36.4,Y,0
2024-12-09,BED-100,Bedding,776,144.34,Y,0
2024-12-09,BED-110,Bedding,1244,74.27,Y,0
2024-12-09,BED-120,Bedding,215,106.18,Y,0
2024-12-09,BTH-300,Bath,558,61.94,Y,5
2024-12-09,BTH-310,Bath,945,37.03,Y,0
2024-12-09,BTH-320,Bath,444,64.39,Y,0
2024-12-09,KIT-200,Kitchen,648,124.12,Y,0
2024-12-09,KIT-210,Kitchen,1012,58.57,Y,0
2024-12-09,KIT-220,Kitchen,1014,46.0,Y,0
2024-12-16,ACC-400,Accessories,1221,33.97,Y,0
2024-12-16,ACC-410,Accessories,535,35.52,Y,0
2024-12-16,BED-100,Bedding,588,157.69,Y,0
2024-12-16,BED-110,Bedding,947,71.78,Y,0
2024-12-16,BED-120,Bedding,163,102.35,Y,0
2024-12-16,BTH-300,Bath,1044,57.77,Y,0
2024-12-16,BTH-310,Bath,675,36.27,Y,0
2024-12-16,BTH-320,Bath,347,66.26,Y,0
2024-12-16,KIT-200,Kitchen,563,113.06,Y,0
2024-12-16,KIT-210,Kitchen,727,61.18,Y,0
2024-12-16,KIT-220,Kitchen,733,45.29,Y,0
2024-12-23,ACC-400,Accessories,616,41.64,N,0
2024-12-23,ACC-410,Accessories,237,42.39,N,0
2024-12-23,BED-100,Bedding,312,178.4,N,0
2024-12-23,BED-110,Bedding,515,97.87,N,0
2024-12-23,BED-120,Bedding,74,124.57,N,0
2024-12-23,BTH-300,Bath,513,76.95,N,0
2024-12-23,BTH-310,Bath,421,46.71,N,0
2024-12-23,BTH-320,Bath,189,87.07,N,0
2024-12-23,KIT-200,Kitchen,243,145.15,N,0
2024-12-23,KIT-210,Kitchen,326,75.96,N,0
2024-12-23,KIT-220,Kitchen,423,56.33,N,0
2024-12-30,ACC-400,Accessories,570,39.68,N,0
2024-12-30,ACC-410,Accessories,226,43.07,N,0
2024-12-30,BED-100,Bedding,314,177.87,N,0
2024-12-30,BED-110,Bedding,438,97.63,N,0
2024-12-30,BED-120,Bedding,75,124.93,N,0
2024-12-30,BTH-300,Bath,555,77.64,N,0
2024-12-30,BTH-310,Bath,377,48.85,N,0
2024-12-30,BTH-320,Bath,170,87.87,N,0
2024-12-30,KIT-200,Kitchen,262,146.8,N,0
2024-12-30,KIT-210,Kitchen,311,75.87,N,0
2024-12-30,KIT-220,Kitchen,357,58.41,N,0
2025-01-06,ACC-400,Add-ons,754,30.82,Y,0
2025-01-06,ACC-410,Add-ons,258,35.55,Y,0
2025-01-06,BED-100,Bedding,434,151.36,Y,0
2025-01-06,BED-110,Bedding,699,80.36,Y,0
2025-01-06,BED-120,Bedding,92,100.73,Y,0
2025-01-06,BTH-300,Bath,647,64.78,Y,0
2025-01-06,BTH-310,Bath,549,39.39,Y,0
2025-01-06,BTH-320,Bath,262,68.13,Y,0
2025-01-06,KIT-200,Kitchen,344,120.37,Y,0
2025-01-06,KIT-210,Kitchen,519,58.16,Y,0
2025-01-06,KIT-220,Kitchen,473,48.21,Y,0
2025-01-13,ACC-400,Add-ons,772,33.63,Y,0
2025-01-13,ACC-410,Add-ons,295,35.81,Y,0
2025-01-13,BED-100,Bedding,435,153.23,Y,0
2025-01-13,BED-110,Bedding,694,80.65,Y,0
2025-01-13,BED-120,Bedding,92,97.86,Y,0
2025-01-13,BTH-300,Bath,689,64.32,Y,0
2025-01-13,BTH-310,Bath,556,39.22,Y,0
2025-01-13,BTH-320,Bath,246,73.72,Y,0
2025-01-13,KIT-200,Kitchen,354,110.77,Y,0
2025-01-13,KIT-210,Kitchen,508,64.19,Y,0
2025-01-13,KIT-220,Kitchen,493,46.91,Y,0
2025-01-20,ACC-400,Add-ons,865,31.89,Y,0
2025-01-20,ACC-410,Add-ons,308,34.95,Y,0
2025-01-20,BED-100,Bedding,377,146.54,Y,0
2025-01-20,BED-110,Bedding,691,73.47,Y,0
2025-01-20,BED-120,Bedding,81,107.65,Y,0
2025-01-20,BTH-300,Bath,833,64.16,Y,0
2025-01-20,BTH-310,Bath,503,41.08,Y,0
2025-01-20,BTH-320,Bath,228,68.25,Y,0
2025-01-20,KIT-200,Kitchen,287,108.88,Y,0
2025-01-20,KIT-210,Kitchen,386,57.23,Y,0
2025-01-20,KIT-220,Kitchen,542,46.37,Y,0
2025-01-27,ACC-400,Add-ons,551,40.6,N,0
2025-01-27,ACC-410,Add-ons,217,44.39,N,0
2025-01-27,BED-100,Bedding,334,188.87,N,0
2025-01-27,BED-110,Bedding,494,95.55,N,0
2025-01-27,BED-120,Bedding,49,126.49,N,0
2025-01-27,BTH-300,Bath,543,78.15,N,0
2025-01-27,BTH-310,Bath,354,47.01,N,0
2025-01-27,BTH-320,Bath,183,88.19,N,0
2025-01-27,KIT-200,Kitchen,241,144.37,N,0
2025-01-27,KIT-210,Kitchen,314,78.25,N,0
2025-01-27,KIT-220,Kitchen,362,56.99,N,0
2025-02-03,ACC-400,Add-ons,564,41.9,N,0
2025-02-03,ACC-410,Add-ons,222,42.64,N,0
2025-02-03,BED-100,Bedding,346,185.22,N,0
2025-02-03,BED-110,Bedding,505,98.26,N,0
2025-02-03,BED-120,Bedding,50,124.08,N,0
2025-02-03,BTH-300,Bath,543,77.09,N,0
2025-02-03,BTH-310,Bath,393,48.92,N,0
2025-02-03,BTH-320,Bath,177,88.61,N,0
2025-02-03,KIT-200,Kitchen,249,145.23,N,0
2025-02-03,KIT-210,Kitchen,365,75.51,N,0
2025-02-03,KIT-220,Kitchen,384,57.23,N,0
2025-02-10,ACC-400,Add-ons,754,40.28,N,0
2025-02-10,ACC-410,Add-ons,275,42.34,N,0
2025-02-10,BED-100,Bedding,379,178.3,N,0
2025-02-10,BED-110,Bedding,564,94.45,N,0
2025-02-10,BED-120,Bedding,52,127.6,N,0
2025-02-10,BTH-300,Bath,681,76.61,N,0
2025-02-10,BTH-310,Bath,412,48.25,N,0
2025-02-10,BTH-320,Bath,221,87.65,N,0
2025-02-10,KIT-200,Kitchen,284,146.29,N,0
2025-02-10,KIT-210,Kitchen,392,76.45,N,0
2025-02-10,KIT-220,Kitchen,440,57.78,N,0
2025-02-17,ACC-400,Add-ons,728,40.79,N,0
2025-02-17,ACC-410,Add-ons,269,44.88,N,0
2025-02-17,BED-100,Bedding,385,187.14,N,0
2025-02-17,BED-110,Bedding,548,94.1,N,0
2025-02-17,BED-120,Bedding,45,123.96,N,0
2025-02-17,BTH-300,Bath,611,78.08,N,0
2025-02-17,BTH-310,Bath,430,47.52,N,0
2025-02-17,BTH-320,Bath,194,87.78,N,0
2025-02-17,KIT-200,Kitchen,280,144.54,N,0
2025-02-17,KIT-210,Kitchen,423,78.65,N,0
2025-02-17,KIT-220,Kitchen,500,56.45,N,0
2025-02-24,ACC-400,Add-ons,678,39.76,N,0
2025-02-24,ACC-410,Add-ons,294,44.87,N,0
2025-02-24,BED-100,Bedding,389,185.36,N,0
2025-02-24,BED-110,Bedding,522,94.4,N,0
2025-02-24,BED-120,Bedding,37,126.27,N,0
2025-02-24,BTH-300,Bath,672,78.44,N,0
2025-02-24,BTH-310,Bath,493,48.23,N,0
2025-02-24,BTH-320,Bath,196,88.15,N,0
2025-02-24,KIT-200,Kitchen,326,143.27,N,0
2025-02-24,KIT-210,Kitchen,383,78.31,N,0
2025-02-24,KIT-220,Kitchen,465,57.02,N,0
2025-03-03,ACC-400,Add-ons,974,30.69,Y,0
2025-03-03,ACC-410,Add-ons,428,32.48,Y,0
2025-03-03,BED-100,Bedding,479,158.65,Y,0
2025-03-03,BED-110,Bedding,792,80.81,Y,0
2025-03-03,BED-120,Bedding,36,105.68,Y,0
2025-03-03,BTH-300,Bath,781,58.9,Y,0
2025-03-03,BTH-310,Bath,535,40.84,Y,0
2025-03-03,BTH-320,Bath,342,74.35,Y,0
2025-03-03,KIT-200,Kitchen,444,115.02,Y,0
2025-03-03,KIT-210,Kitchen,507,61.58,Y,0
2025-03-03,KIT-220,Kitchen,636,47.93,Y,0
2025-03-10,ACC-400,Add-ons,988,31.07,Y,0
2025-03-10,ACC-410,Add-ons,396,34.58,Y,0
2025-03-10,BED-100,Bedding,518,176.88,Y,0
2025-03-10,BED-110,Bedding,954,79.41,Y,0
2025-03-10,BED-120,Bedding,32,105.36,Y,0
2025-03-10,BTH-300,Bath,843,57.58,Y,0
2025-03-10,BTH-310,Bath,635,35.56,Y,0
2025-03-10,BTH-320,Bath,344,73.65,Y,0
2025-03-10,KIT-200,Kitchen,394,117.86,Y,0
2025-03-10,KIT-210,Kitchen,602,64.37,Y,0
2025-03-10,KIT-220,Kitchen,704,43.82,Y,0
2025-03-17,ACC-400,Add-ons,994,34.54,Y,0
2025-03-17,ACC-410,Add-ons,380,33.14,Y,0
2025-03-17,BED-100,Bedding,479,170.32,Y,0
2025-03-17,BED-110,Bedding,745,79.37,Y,0
2025-03-17,BED-120,Bedding,30,94.02,Y,0
2025-03-17,BTH-300,Bath,868,65.38,Y,0
2025-03-17,BTH-310,Bath,753,40.08,Y,0
2025-03-17,BTH-320,Bath,289,71.25,Y,0
2025-03-17,KIT-200,Kitchen,383,115.91,Y,0
2025-03-17,KIT-210,Kitchen,508,65.81,Y,0
2025-03-17,KIT-220,Kitchen,677,45.54,Y,0
2025-03-24,ACC-400,Add-ons,785,39.82,N,0
2025-03-24,ACC-410,Add-ons,284,44.56,N,0
2025-03-24,BED-100,Bedding,404,214.11,N,0
2025-03-24,BED-110,Bedding,571,97.11,N,0
2025-03-24,BED-120,Bedding,12,125.57,N,0
2025-03-24,BTH-300,Bath,641,77.55,N,0
2025-03-24,BTH-310,Bath,453,48.93,N,0
2025-03-24,BTH-320,Bath,197,88.48,N,0
2025-03-24,KIT-200,Kitchen,285,143.8,N,0
2025-03-24,KIT-210,Kitchen,373,76.32,N,0
2025-03-24,KIT-220,Kitchen,452,56.13,N,0
2025-03-31,ACC-400,Add-ons,769,39.59,N,0
2025-03-31,ACC-410,Add-ons,301,43.66,N,0
2025-03-31,BED-100,Bedding,405,214.11,N,0
2025-03-31,BED-110,Bedding,602,98.74,N,0
2025-03-31,BED-120,Bedding,15,122.4,N,0
2025-03-31,BTH-300,Bath,657,78.0,N,0
2025-03-31,BTH-310,Bath,507,46.2,N,0
2025-03-31,BTH-320,Bath,233,85.73,N,0
2025-03-31,KIT-200,Kitchen,346,144.76,N,0
2025-03-31,KIT-210,Kitchen,482,74.77,N,0
2025-03-31,KIT-220,Kitchen,544,57.27,N,0
2025-04-07,ACC-400,Add-ons,790,41.69,N,0
2025-04-07,ACC-410,Add-ons,331,42.63,N,0
2025-04-07,BED-100,Bedding,455,206.44,N,0
2025-04-07,BED-110,Bedding,697,98.09,N,0
2025-04-07,BTH-300,Bath,651,76.57,N,0
2025-04-07,BTH-310,Bath,514,46.36,N,0
2025-04-07,BTH-320,Bath,257,85.35,N,0
2025-04-07,KIT-200,Kitchen,349,141.62,N,0
2025-04-07,KIT-210,Kitchen,441,78.7,N,0
2025-04-07,KIT-220,Kitchen,589,58.19,N,0
2025-04-14,ACC-400,Add-ons,806,41.84,N,0
2025-04-14,ACC-410,Add-ons,327,44.62,N,0
2025-04-14,BED-100,Bedding,397,211.59,N,0
2025-04-14,BED-110,Bedding,622,93.67,N,0
2025-04-14,BTH-300,Bath,634,77.66,N,0
2025-04-14,BTH-310,Bath,469,48.19,N,0
2025-04-14,BTH-320,Bath,237,86.23,N,0
2025-04-14,KIT-200,Kitchen,333,148.84,N,0
2025-04-14,KIT-210,Kitchen,416,77.53,N,0
2025-04-14,KIT-220,Kitchen,514,58.44,N,0
2025-04-21,ACC-400,Add-ons,803,40.25,N,0
2025-04-21,ACC-410,Add-ons,355,43.8,N,0
2025-04-21,BED-100,Bedding,432,217.54,N,0
2025-04-21,BED-110,Bedding,686,94.28,N,0
2025-04-21,BTH-300,Bath,673,75.46,N,0
2025-04-21,BTH-310,Bath,535,46.19,N,0
2025-04-21,BTH-320,Bath,248,86.53,N,0
2025-04-21,KIT-200,Kitchen,322,141.46,N,0
2025-04-21,KIT-210,Kitchen,485,75.54,N,0
2025-04-21,KIT-220,Kitchen,554,56.78,N,0
2025-04-28,ACC-400,Add-ons,856,40.35,N,0
2025-04-28,ACC-410,Add-ons,298,43.42,N,0
2025-04-28,BED-100,Bedding,423,213.74,N,0
2025-04-28,BED-110,Bedding,687,95.77,N,0
2025-04-28,BTH-300,Bath,644,78.78,N,0
2025-04-28,BTH-310,Bath,504,47.51,N,0
2025-04-28,BTH-320,Bath,259,86.27,N,0
2025-04-28,KIT-200,Kitchen,362,142.06,N,0
2025-04-28,KIT-210,Kitchen,463,75.76,N,0
2025-04-28,KIT-220,Kitchen,582,58.41,N,0
2025-05-05,ACC-400,Add-ons,1169,33.15,Y,0
2025-05-05,ACC-410,Add-ons,502,36.22,Y,0
2025-05-05,BED-100,Bedding,658,170.29,Y,0
2025-05-05,BED-110,Bedding,916,82.61,Y,0
2025-05-05,BTH-300,Bath,975,64.13,Y,0
2025-05-05,BTH-310,Bath,649,37.38,Y,0
2025-05-05,BTH-320,Bath,317,64.99,Y,0
2025-05-05,KIT-200,Kitchen,505,120.38,Y,0
2025-05-05,KIT-210,Kitchen,700,59.78,Y,0
2025-05-05,KIT-220,Kitchen,734,49.54,Y,0
2025-05-12,ACC-400,Add-ons,1058,31.41,Y,0
2025-05-12,ACC-410,Add-ons,416,35.46,Y,0
2025-05-12,BED-100,Bedding,702,162.43,Y,0
2025-05-12,BED-110,Bedding,1040,82.99,Y,0
2025-05-12,BTH-300,Bath,936,60.17,Y,0
2025-05-12,BTH-310,Bath,675,37.02,Y,0
2025-05-12,BTH-320,Bath,339,66.72,Y,0
2025-05-12,KIT-200,Kitchen,530,111.04,Y,0
2025-05-12,KIT-210,Kitchen,255,60.57,Y,6
2025-05-12,KIT-220,Kitchen,740,48.1,Y,0
2025-05-19,ACC-400,Add-ons,909,40.75,N,0
2025-05-19,ACC-410,Add-ons,300,44.74,N,0
2025-05-19,BED-100,Bedding,392,215.36,N,0
2025-05-19,BED-110,Bedding,609,98.27,N,0
2025-05-19,BTH-300,Bath,722,78.45,N,0
2025-05-19,BTH-310,Bath,485,46.68,N,0
2025-05-19,BTH-320,Bath,243,83.89,N,0
2025-05-19,KIT-200,Kitchen,350,144.32,N,0
2025-05-19,KIT-210,Kitchen,335,77.81,N,3
2025-05-19,KIT-220,Kitchen,543,57.06,N,0
2025-05-26,ACC-400,Add-ons,850,41.08,N,0
2025-05-26,ACC-410,Add-ons,320,44.57,N,0
2025-05-26,BED-100,Bedding,391,212.46,N,0
2025-05-26,BED-110,Bedding,647,94.39,N,0
2025-05-26,BTH-300,Bath,639,78.73,N,0
2025-05-26,BTH-310,Bath,547,46.33,N,0
2025-05-26,BTH-320,Bath,266,88.06,N,0
2025-05-26,KIT-200,Kitchen,370,146.06,N,0
2025-05-26,KIT-210,Kitchen,444,74.32,N,0
2025-05-26,KIT-220,Kitchen,591,55.56,N,0
2025-06-02,ACC-400,Add-ons,730,41.87,N,0
2025-06-02,ACC-410,Add-ons,290,43.42,N,0
2025-06-02,BED-100,Bedding,394,217.92,N,0
2025-06-02,BED-110,Bedding,561,96.76,N,0
2025-06-02,BTH-300,Bath,655,77.57,N,0
2025-06-02,BTH-310,Bath,429,47.25,N,0
2025-06-02,BTH-320,Bath,224,88.98,N,0
2025-06-02,KIT-200,Kitchen,314,142.12,N,0
2025-06-02,KIT-210,Kitchen,414,77.3,N,0
2025-06-02,KIT-220,Kitchen,417,57.85,N,0
2025-06-09,ACC-400,Add-ons,689,39.64,N,0
2025-06-09,ACC-410,Add-ons,251,42.49,N,0
2025-06-09,BED-100,Bedding,343,205.89,N,0
2025-06-09,BED-110,Bedding,536,94.96,N,0
2025-06-09,BTH-300,Bath,606,74.49,N,0
2025-06-09,BTH-310,Bath,478,46.65,N,0
2025-06-09,BTH-320,Bath,204,86.56,N,0
2025-06-09,KIT-200,Kitchen,322,144.24,N,0
2025-06-09,KIT-210,Kitchen,371,76.72,N,0
2025-06-09,KIT-220,Kitchen,494,56.45,N,0
2025-06-16,ACC-400,Add-ons,630,40.16,N,0
2025-06-16,ACC-410,Add-ons,285,42.72,N,0
2025-06-16,BED-100,Bedding,356,208.03,N,0
2025-06-16,BED-110,Bedding,515,93.8,N,0
2025-06-16,BTH-300,Bath,655,77.84,N,0
2025-06-16,BTH-310,Bath,455,47.8,N,0
2025-06-16,BTH-320,Bath,200,85.97,N,0
2025-06-16,KIT-200,Kitchen,301,147.75,N,0
2025-06-16,KIT-210,Kitchen,379,75.43,N,0
2025-06-16,KIT-220,Kitchen,415,58.74,N,0
2025-06-23,ACC-400,Add-ons,660,40.44,N,0
2025-06-23,ACC-410,Add-ons,245,42.76,N,0
2025-06-23,BED-100,Bedding,398,208.53,N,0
2025-06-23,BED-110,Bedding,554,98.13,N,0
2025-06-23,BTH-300,Bath,655,77.63,N,0
2025-06-23,BTH-310,Bath,437,47.42,N,0
2025-06-23,BTH-320,Bath,232,84.9,N,0
2025-06-23,KIT-200,Kitchen,307,148.08,N,0
2025-06-23,KIT-210,Kitchen,377,78.64,N,0
2025-06-23,KIT-220,Kitchen,447,56.18,N,0
2025-06-30,ACC-400,Add-ons,752,40.25,N,0
2025-06-30,ACC-410,Add-ons,283,42.38,N,0
2025-06-30,BED-100,Bedding,364,211.15,N,0
2025-06-30,BED-110,Bedding,545,95.62,N,0
2025-06-30,BTH-300,Bath,670,77.14,N,0
2025-06-30,BTH-310,Bath,487,47.12,N,0
2025-06-30,BTH-320,Bath,198,87.06,N,0
2025-06-30,KIT-200,Kitchen,314,143.47,N,0
2025-06-30,KIT-210,Kitchen,401,77.36,N,0
2025-06-30,KIT-220,Kitchen,502,58.82,N,0
2025-07-07,ACC-400,Add-ons,1037,32.33,Y,0
2025-07-07,ACC-410,Add-ons,391,36.46,Y,0
2025-07-07,BED-100,Bedding,490,161.48,Y,0
2025-07-07,BED-110,Bedding,668,80.6,Y,0
2025-07-07,BTH-300,Bath,807,61.46,Y,0
2025-07-07,BTH-310,Bath,657,40.27,Y,0
2025-07-07,BTH-320,Bath,317,71.77,Y,0
2025-07-07,KIT-200,Kitchen,434,112.12,Y,0
2025-07-07,KIT-210,Kitchen,585,57.08,Y,0
2025-07-07,KIT-220,Kitchen,682,43.49,Y,0
2025-07-14,ACC-400,Add-ons,1057,34.03,Y,0
2025-07-14,ACC-410,Add-ons,415,33.62,Y,0
2025-07-14,BED-100,Bedding,526,162.25,Y,0
2025-07-14,BED-110,Bedding,658,74.81,Y,0
2025-07-14,BTH-300,Bath,821,62.14,Y,0
2025-07-14,BTH-310,Bath,615,36.24,Y,0
2025-07-14,BTH-320,Bath,314,64.48,Y,0
2025-07-14,KIT-200,Kitchen,408,108.35,Y,0
2025-07-14,KIT-210,Kitchen,558,62.81,Y,0
2025-07-14,KIT-220,Kitchen,702,48.76,Y,0
2025-07-21,ACC-400,Add-ons,941,31.92,Y,0
2025-07-21,ACC-410,Add-ons,351,34.83,Y,0
2025-07-21,ACC-420,Add-ons,179,29.85,Y,0
2025-07-21,BED-100,Bedding,540,181.45,Y,0
2025-07-21,BED-110,Bedding,760,71.95,Y,0
2025-07-21,BTH-300,Bath,1017,63.75,Y,0
2025-07-21,BTH-310,Bath,668,37.53,Y,0
2025-07-21,BTH-320,Bath,287,73.02,Y,0
2025-07-21,KIT-200,Kitchen,416,111.63,Y,0
2025-07-21,KIT-210,Kitchen,581,58.62,Y,0
2025-07-21,KIT-220,Kitchen,706,46.67,Y,0
2025-07-28,ACC-400,Add-ons,701,41.25,N,0
2025-07-28,ACC-410,Add-ons,260,44.61,N,0
2025-07-28,ACC-420,Add-ons,140,36.99,N,0
2025-07-28,BED-100,Bedding,396,211.47,N,0
2025-07-28,BED-110,Bedding,534,94.1,N,0
2025-07-28,BTH-300,Bath,644,75.67,N,0
2025-07-28,BTH-310,Bath,442,46.35,N,0
2025-07-28,BTH-320,Bath,232,86.55,N,0
2025-07-28,KIT-200,Kitchen,310,140.8,N,0
2025-07-28,KIT-210,Kitchen,374,74.94,N,0
2025-07-28,KIT-220,Kitchen,445,57.14,N,0
2025-08-04,ACC-400,Add-ons,891,39.55,N,0
2025-08-04,ACC-410,Add-ons,290,44.19,N,0
2025-08-04,ACC-420,Add-ons,202,37.27,N,0
2025-08-04,BED-100,Bedding,407,218.03,N,0
2025-08-04,BED-110,Bedding,674,93.46,N,0
2025-08-04,BTH-300,Bath,721,76.42,N,0
2025-08-04,BTH-310,Bath,500,48.9,N,0
2025-08-04,BTH-320,Bath,232,86.96,N,0
2025-08-04,KIT-200,Kitchen,331,145.89,N,0
2025-08-04,KIT-210,Kitchen,489,75.09,N,0
2025-08-04,KIT-220,Kitchen,489,55.98,N,0
2025-08-11,ACC-400,Add-ons,809,39.93,N,0
2025-08-11,ACC-410,Add-ons,292,44.95,N,0
2025-08-11,ACC-420,Add-ons,210,37.08,N,0
2025-08-11,BED-100,Bedding,379,216.65,N,0
2025-08-11,BED-110,Bedding,633,95.56,N,0
2025-08-11,BTH-300,Bath,729,78.59,N,0
2025-08-11,BTH-310,Bath,471,46.11,N,0
2025-08-11,BTH-320,Bath,252,83.99,N,0
2025-08-11,KIT-200,Kitchen,352,145.16,N,0
2025-08-11,KIT-210,Kitchen,461,76.07,N,0
2025-08-11,KIT-220,Kitchen,565,56.38,N,0
2025-08-18,ACC-400,Add-ons,877,40.11,N,0
2025-08-18,ACC-410,Add-ons,310,43.21,N,0
2025-08-18,ACC-420,Add-ons,276,37.13,N,0
2025-08-18,BED-100,Bedding,434,211.68,N,0
2025-08-18,BED-110,Bedding,672,94.7,N,0
2025-08-18,BTH-300,Bath,622,76.49,N,0
2025-08-18,BTH-310,Bath,489,48.96,N,0
2025-08-18,BTH-320,Bath,234,86.75,N,0
2025-08-18,KIT-200,Kitchen,362,142.52,N,0
2025-08-18,KIT-210,Kitchen,487,75.0,N,0
2025-08-18,KIT-220,Kitchen,490,56.97,N,0
2025-08-25,ACC-400,Add-ons,748,41.45,N,0
2025-08-25,ACC-410,Add-ons,346,43.78,N,0
2025-08-25,ACC-420,Add-ons,293,37.95,N,0
2025-08-25,BED-100,Bedding,392,211.86,N,0
2025-08-25,BED-110,Bedding,591,94.34,N,0
2025-08-25,BTH-300,Bath,741,74.77,N,0
2025-08-25,BTH-310,Bath,527,48.44,N,0
2025-08-25,BTH-320,Bath,239,86.04,N,0
2025-08-25,KIT-200,Kitchen,327,142.91,N,0
2025-08-25,KIT-210,Kitchen,427,78.46,N,0
2025-08-25,KIT-220,Kitchen,477,56.2,N,0
2025-09-01,ACC-400,Add-ons,1181,34.76,Y,0
2025-09-01,ACC-410,Add-ons,395,36.18,Y,0
2025-09-01,ACC-420,Add-ons,392,29.44,Y,0
2025-09-01,BED-100,Bedding,689,161.0,Y,0
2025-09-01,BED-110,Bedding,960,82.35,Y,0
2025-09-01,BTH-300,Bath,1004,65.78,Y,0
2025-09-01,BTH-310,Bath,792,39.31,Y,0
2025-09-01,BTH-320,Bath,346,66.93,Y,0
2025-09-01,KIT-200,Kitchen,461,119.27,Y,0
2025-09-01,KIT-210,Kitchen,628,64.2,Y,0
2025-09-01,KIT-220,Kitchen,780,47.96,Y,0
2025-09-08,ACC-400,Add-ons,1257,33.97,Y,0
2025-09-08,ACC-410,Add-ons,394,33.24,Y,0
2025-09-08,ACC-420,Add-ons,563,27.91,Y,0
2025-09-08,BED-100,Bedding,594,183.62,Y,0
2025-09-08,BED-110,Bedding,916,80.17,Y,0
2025-09-08,BTH-300,Bath,1064,58.14,Y,0
2025-09-08,BTH-310,Bath,678,40.58,Y,0
2025-09-08,BTH-320,Bath,351,66.97,Y,0
2025-09-08,KIT-200,Kitchen,504,109.13,Y,0
2025-09-08,KIT-210,Kitchen,665,65.7,Y,0
2025-09-08,KIT-220,Kitchen,692,49.19,Y,0
2025-09-15,ACC-400,Add-ons,828,40.53,N,0
2025-09-15,ACC-410,Add-ons,320,42.31,N,0
2025-09-15,ACC-420,Add-ons,364,37.61,N,0
2025-09-15,BED-100,Bedding,396,207.34,N,0
2025-09-15,BED-110,Bedding,686,94.76,N,0
2025-09-15,BTH-300,Bath,740,78.09,N,0
2025-09-15,BTH-310,Bath,549,47.51,N,0
2025-09-15,BTH-320,Bath,224,87.58,N,0
2025-09-15,KIT-200,Kitchen,367,143.84,N,0
2025-09-15,KIT-210,Kitchen,415,77.32,N,0
2025-09-15,KIT-220,Kitchen,530,57.21,N,0
2025-09-22,ACC-400,Add-ons,832,40.15,N,0
2025-09-22,ACC-410,Add-ons,307,43.36,N,0
2025-09-22,ACC-420,Add-ons,432,37.65,N,0
2025-09-22,BED-100,Bedding,419,216.2,N,0
2025-09-22,BED-110,Bedding,646,94.8,N,0
2025-09-22,BTH-300,Bath,742,77.15,N,0
2025-09-22,BTH-310,Bath,491,47.07,N,0
2025-09-22,BTH-320,Bath,257,86.14,N,0
2025-09-22,KIT-200,Kitchen,367,141.69,N,0
2025-09-22,KIT-210,Kitchen,453,74.39,N,0
2025-09-22,KIT-220,Kitchen,539,58.86,N,0
2025-09-29,ACC-400,Add-ons,859,41.31,N,0
2025-09-29,ACC-410,Add-ons,302,44.26,N,0
2025-09-29,ACC-420,Add-ons,421,37.27,N,0
2025-09-29,BED-100,Bedding,406,206.93,N,0
2025-09-29,BED-110,Bedding,688,93.76,N,0
2025-09-29,BTH-300,Bath,742,74.79,N,0
2025-09-29,BTH-310,Bath,523,47.68,N,0
2025-09-29,BTH-320,Bath,218,88.5,N,0
2025-09-29,KIT-200,Kitchen,315,141.72,N,0
2025-09-29,KIT-210,Kitchen,440,78.35,N,0
2025-09-29,KIT-220,Kitchen,565,58.77,N,0
